/*
Navicat MySQL Data Transfer

Source Server         : 192.168.18.121
Source Server Version : 50621
Source Host           : 192.168.18.121:3306
Source Database       : wowo_airchina

Target Server Type    : MYSQL
Target Server Version : 50621
File Encoding         : 65001

Date: 2017-09-21 17:22:02
*/

SET FOREIGN_KEY_CHECKS=0;

-- ----------------------------
-- Table structure for `air_alipay_notice_log`
-- ----------------------------
DROP TABLE IF EXISTS `air_alipay_notice_log`;
CREATE TABLE `air_alipay_notice_log` (
  `id` int(12) NOT NULL AUTO_INCREMENT,
  `notify_time` varchar(255) DEFAULT NULL,
  `notify_type` varchar(255) DEFAULT NULL,
  `notify_id` varchar(255) DEFAULT NULL,
  `out_trade_no` varchar(255) DEFAULT NULL,
  `subject` varchar(256) DEFAULT NULL,
  `trade_no` varchar(255) DEFAULT NULL,
  `gmt_create` varchar(255) DEFAULT NULL,
  `gmt_payment` varchar(255) DEFAULT NULL,
  `gmt_close` varchar(255) DEFAULT NULL,
  `refund_status` varchar(255) DEFAULT NULL,
  `gmt_refund` varchar(255) DEFAULT NULL,
  `seller_email` varchar(255) DEFAULT NULL,
  `buyer_email` varchar(255) DEFAULT NULL,
  `seller_id` varchar(255) DEFAULT NULL,
  `buyer_id` varchar(255) DEFAULT NULL,
  `total_fee` float(10,2) DEFAULT NULL,
  `trade_status` varchar(255) DEFAULT NULL,
  PRIMARY KEY (`id`)
) ENGINE=InnoDB AUTO_INCREMENT=13 DEFAULT CHARSET=utf8;

-- ----------------------------
-- Records of air_alipay_notice_log
-- ----------------------------
INSERT INTO `air_alipay_notice_log` VALUES ('1', '2017-09-15 14:33:17', 'trade_status_sync', 'd46d4566ff68cd694b39ead1f65305bjju', '201709150016', 'test', '2017091521001004460246667098', '2017-09-15 10:50:44', '2017-09-15 14:33:17', null, null, null, 'tmall@wowoyoo.com', '553475725@qq.com', '2088011710753353', '2088512642734466', '0.01', null);
INSERT INTO `air_alipay_notice_log` VALUES ('2', '2017-09-15 15:06:39', 'trade_status_sync', '9bbc41ddca0eac08294ee9437c338bcjju', '66', '南翼园景房', '2017091521001004460247307748', '2017-09-15 15:06:34', '2017-09-15 15:06:39', null, null, null, 'tmall@wowoyoo.com', '553475725@qq.com', '2088011710753353', '2088512642734466', '0.01', null);
INSERT INTO `air_alipay_notice_log` VALUES ('3', '2017-09-15 15:37:55', 'trade_status_sync', 'e42b761b094205a030b4b4981a4c4f9jju', '69', '北翼园景客房', '2017091521001004460247372607', '2017-09-15 15:37:51', '2017-09-15 15:37:55', null, null, null, 'tmall@wowoyoo.com', '553475725@qq.com', '2088011710753353', '2088512642734466', '0.01', 'TRADE_SUCCESS');
INSERT INTO `air_alipay_notice_log` VALUES ('4', '2017-09-15 15:37:55', 'trade_status_sync', 'e42b761b094205a030b4b4981a4c4f9jju', '69', '北翼园景客房', '2017091521001004460247372607', '2017-09-15 15:37:51', '2017-09-15 15:37:55', null, null, null, 'tmall@wowoyoo.com', '553475725@qq.com', '2088011710753353', '2088512642734466', '0.01', 'TRADE_SUCCESS');
INSERT INTO `air_alipay_notice_log` VALUES ('5', '2017-09-15 15:37:55', 'trade_status_sync', 'e42b761b094205a030b4b4981a4c4f9jju', '69', '北翼园景客房', '2017091521001004460247372607', '2017-09-15 15:37:51', '2017-09-15 15:37:55', null, null, null, 'tmall@wowoyoo.com', '553475725@qq.com', '2088011710753353', '2088512642734466', '0.01', 'TRADE_SUCCESS');
INSERT INTO `air_alipay_notice_log` VALUES ('6', '2017-09-15 15:37:55', 'trade_status_sync', 'e42b761b094205a030b4b4981a4c4f9jju', '69', '北翼园景客房', '2017091521001004460247372607', '2017-09-15 15:37:51', '2017-09-15 15:37:55', null, null, null, 'tmall@wowoyoo.com', '553475725@qq.com', '2088011710753353', '2088512642734466', '0.01', 'TRADE_SUCCESS');
INSERT INTO `air_alipay_notice_log` VALUES ('7', '2017-09-15 15:37:55', 'trade_status_sync', 'e42b761b094205a030b4b4981a4c4f9jju', '69', '北翼园景客房', '2017091521001004460247372607', '2017-09-15 15:37:51', '2017-09-15 15:37:55', null, null, null, 'tmall@wowoyoo.com', '553475725@qq.com', '2088011710753353', '2088512642734466', '0.01', 'TRADE_SUCCESS');
INSERT INTO `air_alipay_notice_log` VALUES ('8', '2017-09-15 15:37:55', 'trade_status_sync', 'e42b761b094205a030b4b4981a4c4f9jju', '69', '北翼园景客房', '2017091521001004460247372607', '2017-09-15 15:37:51', '2017-09-15 15:37:55', null, null, null, 'tmall@wowoyoo.com', '553475725@qq.com', '2088011710753353', '2088512642734466', '0.01', 'TRADE_SUCCESS');
INSERT INTO `air_alipay_notice_log` VALUES ('9', '2017-09-20 14:13:37', 'trade_status_sync', '5e933700ed18ecc2da0f74c6b35f3b1jju', '82', '南翼园景房', '2017092021001004460258955842', '2017-09-20 14:13:32', '2017-09-20 14:13:37', null, null, null, 'tmall@wowoyoo.com', '553475725@qq.com', '2088011710753353', '2088512642734466', '0.01', 'TRADE_SUCCESS');
INSERT INTO `air_alipay_notice_log` VALUES ('10', '2017-09-20 15:48:55', 'trade_status_sync', 'be4496e247977c8326f854dbb1e3cdcjju', '72', '南翼园景房', '2017092021001004460259134130', '2017-09-20 15:48:51', '2017-09-20 15:48:55', null, null, null, 'tmall@wowoyoo.com', '553475725@qq.com', '2088011710753353', '2088512642734466', '0.01', 'TRADE_SUCCESS');
INSERT INTO `air_alipay_notice_log` VALUES ('11', '2017-09-21 10:23:55', 'trade_status_sync', '04a176182ff973334910669b2da910bjju', '94', '南翼园景房', '2017092121001004460260732572', '2017-09-21 10:23:50', '2017-09-21 10:23:54', null, null, null, 'tmall@wowoyoo.com', '553475725@qq.com', '2088011710753353', '2088512642734466', '0.01', 'TRADE_SUCCESS');
INSERT INTO `air_alipay_notice_log` VALUES ('12', '2017-09-21 10:33:40', 'trade_status_sync', '303b6b6b581b26d42199fa1cffc130bjju', '73', '南翼园景房', '2017092121001004460260748489', '2017-09-21 10:33:37', '2017-09-21 10:33:40', null, null, null, 'tmall@wowoyoo.com', '553475725@qq.com', '2088011710753353', '2088512642734466', '0.01', 'TRADE_SUCCESS');

-- ----------------------------
-- Table structure for `air_order`
-- ----------------------------
DROP TABLE IF EXISTS `air_order`;
CREATE TABLE `air_order` (
  `order_no` int(10) NOT NULL AUTO_INCREMENT,
  `wowo_order_no` varchar(255) DEFAULT NULL,
  `contact_tel` varchar(12) NOT NULL,
  `contact_username` varchar(255) CHARACTER SET utf8 DEFAULT NULL,
  `coupon_code` varchar(255) CHARACTER SET utf8 DEFAULT NULL,
  `city_id` varchar(255) CHARACTER SET utf8 DEFAULT NULL,
  `order_status` int(10) NOT NULL DEFAULT '0',
  `room_name` varchar(255) CHARACTER SET utf8 DEFAULT NULL,
  `check_in` varchar(255) CHARACTER SET utf8 DEFAULT NULL,
  `check_out` varchar(255) CHARACTER SET utf8 DEFAULT NULL,
  `total_money` varchar(255) CHARACTER SET utf8 DEFAULT NULL,
  `confirm_type` int(3) NOT NULL DEFAULT '1',
  `hotel_id` varchar(255) DEFAULT NULL,
  `rate_code` varchar(255) DEFAULT NULL,
  `mobile` varchar(255) DEFAULT NULL,
  `confirm_code` varchar(255) DEFAULT NULL,
  `room_count` int(5) DEFAULT NULL,
  `adult_count` int(5) DEFAULT NULL,
  `children_count` int(5) DEFAULT NULL,
  `children_ages` varchar(255) DEFAULT NULL,
  `is_pay` int(3) NOT NULL DEFAULT '0',
  `is_cancel` int(3) NOT NULL DEFAULT '1',
  `cancel_time` varchar(255) DEFAULT NULL,
  `pay_date_limit` varchar(255) DEFAULT NULL,
  PRIMARY KEY (`order_no`)
) ENGINE=InnoDB AUTO_INCREMENT=98 DEFAULT CHARSET=latin1;

-- ----------------------------
-- Records of air_order
-- ----------------------------
INSERT INTO `air_order` VALUES ('69', '12226068500006', '18006661209', '猪:偷吻', '', '18568', '3', '北翼园景客房', '2017-09-25', '2017-09-26', '651', '1', '568686', 'HQ_57A1D941B79554ED009DCEC9E357AA0A', '18006661209', '', '1', '1', '0', '', '0', '0', null, null);
INSERT INTO `air_order` VALUES ('70', '22226289500007', '18006661209', '卢:本伟', '', '18568', '2', '南翼园景房', '2017-09-18', '2017-09-19', '0', '2', '568686', 'XT_2990', '18006661209', '', '1', '1', '0', '', '0', '0', null, '2017-09-21 10:54:23.000000');
INSERT INTO `air_order` VALUES ('71', '12226297600008', '18006661209', '柚:柚妹', '', '18568', '2', '园景客房', '2017-09-25', '2017-09-26', '709', '1', '568686', 'HQ_99459327D20C5FA72EF0E1A86CFD4F0F', '18006661209', null, '1', '1', '0', '', '0', '0', null, null);
INSERT INTO `air_order` VALUES ('72', '22226339700009', '18006661209', '屁:迪迪dd', '', '18568', '3', '南翼园景房', '2017-09-26', '2017-09-27', '0.01', '2', '568686', 'XT_2990', '18006661209', '', '1', '1', '0', '', '0', '0', null, null);
INSERT INTO `air_order` VALUES ('73', '22226341700010', '18006661209', '小:智', '', '18568', '5', '南翼园景房', '2017-09-26', '2017-09-27', '0.01', '2', '568686', 'XT_2990', '18006661209', '', '1', '1', '0', '', '0', '0', null, null);
INSERT INTO `air_order` VALUES ('74', '22226343700011', '18006661209', '小:漠', '', '18568', '1', '南翼园景房', '2017-09-26', '2017-09-27', '870', '2', '568686', 'XT_2990', '18006661209', null, '1', '1', '0', '', '0', '0', null, null);
INSERT INTO `air_order` VALUES ('75', '22250658400001', '18006661209', '貂:蝉', '', '18568', '1', '南翼园景房', '2017-09-28', '2017-09-29', '870', '2', '568686', 'XT_2990', '18006661209', null, '1', '1', '0', '', '0', '0', null, null);
INSERT INTO `air_order` VALUES ('80', null, '18006661209', '爱仕达:大时代', null, '18568', '0', null, null, null, null, '2', '568686', null, '18006661209', null, '1', '1', '0', '', '0', '1', null, null);
INSERT INTO `air_order` VALUES ('81', '22259032400006', '18006661209', '异步:测试', '', '18568', '1', '南翼园景房', '2017-09-27', '2017-09-28', '870', '2', '568686', 'XT_2990', '18006661209', null, '1', '1', '0', '', '0', '0', null, null);
INSERT INTO `air_order` VALUES ('82', '22267589800001', '18006661209', '林:一', '', '18568', '4', '南翼园景房', '2017-09-20', '2017-09-21', '0', '2', '568686', 'XT_2990', '18006661209', '', '1', '1', '0', '', '0', '0', null, null);
INSERT INTO `air_order` VALUES ('83', '12267658400002', '18006661209', '林:二', '', '18568', '1', '山景客房(偏好大床)', '2017-09-20', '2017-09-21', '587', '1', '568686', 'HQ_019EEB0039E5DB7077CC7A5F51E3E18E', '18006661209', null, '1', '1', '0', '', '0', '0', null, null);
INSERT INTO `air_order` VALUES ('84', '22269799500003', '18006661209', '任:真', '', '18568', '1', '南翼园景房', '2017-09-27', '2017-09-28', '870', '2', '568686', 'XT_2990', '18006661209', null, '1', '1', '0', '', '0', '0', null, null);
INSERT INTO `air_order` VALUES ('85', '22269843600004', '18006661209', '啊啊:啊啊', '', '18568', '1', '南翼园景房', '2017-09-21', '2017-09-22', '870', '2', '568686', 'XT_2990', '18006661209', null, '1', '1', '0', '', '0', '0', null, null);
INSERT INTO `air_order` VALUES ('92', '22275731400006', '18006661209', '狗贼:1号', '', '18568', '1', '南翼园景房', '2017-09-28', '2017-09-29', '870', '2', '568686', 'XT_2990', '18006661209', null, '1', '1', '0', '', '0', '0', null, null);
INSERT INTO `air_order` VALUES ('93', '22275780100007', '18006661209', '司马:老贼', '', '18568', '1', '南翼园景房', '2017-09-28', '2017-09-29', '870', '2', '568686', 'XT_2990', '18006661209', null, '1', '1', '0', '', '0', '0', null, null);
INSERT INTO `air_order` VALUES ('94', '22276059200011', '18006661209', '林:逸', '', '18568', '4', '南翼园景房', '2017-09-21', '2017-09-22', '0.01', '2', '568686', 'XT_2990', '18006661209', '', '1', '1', '0', '', '0', '0', null, null);
INSERT INTO `air_order` VALUES ('95', '12276157400012', '13985698758', '啊:啊', '', '18568', '2', '客房', '2017-09-21', '2017-09-23', '545', '1', '569856', 'HQ_1BBCCD34AEE4D91029D896B89C7FB712', '13987598567', null, '1', '2', '0', '', '0', '0', null, null);
INSERT INTO `air_order` VALUES ('96', '12276170400013', '13985698758', '测:试', '', '18568', '2', '客房', '2017-09-21', '2017-09-23', '545', '1', '569856', 'HQ_1BBCCD34AEE4D91029D896B89C7FB712', '13987598567', null, '1', '2', '0', '', '0', '0', null, null);
INSERT INTO `air_order` VALUES ('97', '12276246100014', '13985685487', '测:试', '', '18568', '2', '客房', '2017-09-21', '2017-09-23', '545', '1', '569856', 'HQ_1BBCCD34AEE4D91029D896B89C7FB712', '13987598567', null, '1', '2', '0', '', '0', '0', null, null);

-- ----------------------------
-- Table structure for `air_order_difference_log`
-- ----------------------------
DROP TABLE IF EXISTS `air_order_difference_log`;
CREATE TABLE `air_order_difference_log` (
  `id` int(12) NOT NULL AUTO_INCREMENT,
  `order_no` varchar(255) NOT NULL,
  `wowo_order_no` varchar(255) NOT NULL,
  `order_status` int(5) NOT NULL,
  `spread_no` varchar(255) NOT NULL,
  `spread_money` varchar(255) NOT NULL,
  `order_log_type` int(3) NOT NULL,
  `order_log_remark` varchar(255) NOT NULL,
  `order_log_time` varchar(255) NOT NULL,
  PRIMARY KEY (`id`)
) ENGINE=InnoDB AUTO_INCREMENT=3 DEFAULT CHARSET=utf8;

-- ----------------------------
-- Records of air_order_difference_log
-- ----------------------------

-- ----------------------------
-- Table structure for `air_order_reconfirm_log`
-- ----------------------------
DROP TABLE IF EXISTS `air_order_reconfirm_log`;
CREATE TABLE `air_order_reconfirm_log` (
  `id` int(12) NOT NULL AUTO_INCREMENT,
  `confirm_code` varchar(255) CHARACTER SET utf8 DEFAULT NULL,
  `hotel_id` varchar(255) CHARACTER SET utf8 DEFAULT NULL,
  `is_cancel` varchar(255) DEFAULT NULL,
  `order_log_remark` varchar(255) CHARACTER SET utf8 DEFAULT NULL,
  `order_log_time` varchar(255) CHARACTER SET utf8 DEFAULT NULL,
  `order_log_type` varchar(255) CHARACTER SET utf8 DEFAULT NULL,
  `order_no` varchar(255) CHARACTER SET utf8 DEFAULT NULL,
  `order_status` varchar(255) CHARACTER SET utf8 DEFAULT NULL,
  `rate_code` varchar(255) CHARACTER SET utf8 DEFAULT NULL,
  `room_count` int(5) DEFAULT NULL,
  `room_name` varchar(255) CHARACTER SET utf8 DEFAULT NULL,
  `total_money` varchar(255) CHARACTER SET utf8 DEFAULT NULL,
  `wowo_order_no` varchar(255) CHARACTER SET utf8 DEFAULT NULL,
  `pay_date_limit` varchar(255) CHARACTER SET utf8 DEFAULT NULL,
  PRIMARY KEY (`id`)
) ENGINE=InnoDB AUTO_INCREMENT=27 DEFAULT CHARSET=latin1;

-- ----------------------------
-- Records of air_order_reconfirm_log
-- ----------------------------
INSERT INTO `air_order_reconfirm_log` VALUES ('5', '', '568686', '0', 'test', '2017-09-15 14:47:46.000000', '确认有房，待支付', '66', '2', 'XT_2990', '1', '南翼园景房', '870', '22224437400003', null);
INSERT INTO `air_order_reconfirm_log` VALUES ('6', '', '568686', '0', 'test', '2017-09-15 15:23:49.000000', '确认有房，待支付', '66', '2', 'XT_2990', '1', '南翼园景房', '870', '22224437400003', null);
INSERT INTO `air_order_reconfirm_log` VALUES ('9', '', '568686', '0', null, null, null, '70', '2', 'XT_2990', '1', '南翼园景房', '0.01', '22226289500007', null);
INSERT INTO `air_order_reconfirm_log` VALUES ('12', '', '568686', '0', null, null, null, '82', '2', 'XT_2990', '1', '南翼园景房', '0.01', '22267589800001', null);
INSERT INTO `air_order_reconfirm_log` VALUES ('13', '', '568686', '0', null, null, null, '72', '2', 'XT_2990', '1', '南翼园景房', '0.01', '22226339700009', null);
INSERT INTO `air_order_reconfirm_log` VALUES ('17', '', '568686', '0', '变更了订单金额[旧:0,新:0.01]', '2017-09-20 15:37:28', '金额变更', '82', '2', 'XT_2990', '1', '南翼园景房', '0.01', '22267589800001', null);
INSERT INTO `air_order_reconfirm_log` VALUES ('18', '', '568686', '0', '0.01', '2017-09-20 15:37:28', '确认有房，待支付', '82', '2', 'XT_2990', '1', '南翼园景房', '0.01', '22267589800001', null);
INSERT INTO `air_order_reconfirm_log` VALUES ('19', '', '568686', '0', '变更了订单金额[旧:0,新:0.01]', '2017-09-20 15:47:49', '金额变更', '72', '2', 'XT_2990', '1', '南翼园景房', '0.01', '22226339700009', null);
INSERT INTO `air_order_reconfirm_log` VALUES ('20', '', '568686', '0', '0.0.1', '2017-09-20 15:47:49', '确认有房，待支付', '72', '2', 'XT_2990', '1', '南翼园景房', '0.01', '22226339700009', null);
INSERT INTO `air_order_reconfirm_log` VALUES ('21', '', '568686', '0', '651', '2017-09-20 16:02:30', '确认有房，待支付', '69', '2', 'HQ_57A1D941B79554ED009DCEC9E357AA0A', '1', '北翼园景客房', '651', '12226068500006', null);
INSERT INTO `air_order_reconfirm_log` VALUES ('22', '', '568686', '0', '1', '2017-09-20 16:45:47', '确认有房，待支付', '69', '2', 'HQ_57A1D941B79554ED009DCEC9E357AA0A', '1', '北翼园景客房', '651', '12226068500006', null);
INSERT INTO `air_order_reconfirm_log` VALUES ('23', '', '568686', '0', '变更了订单金额[旧:870,新:0.01]', '2017-09-21 10:23:29', '金额变更', '94', '2', 'XT_2990', '1', '南翼园景房', '0.01', '22276059200011', null);
INSERT INTO `air_order_reconfirm_log` VALUES ('24', '', '568686', '0', '0.01', '2017-09-21 10:23:29', '确认有房，待支付', '94', '2', 'XT_2990', '1', '南翼园景房', '0.01', '22276059200011', null);
INSERT INTO `air_order_reconfirm_log` VALUES ('25', '', '568686', '0', '变更了订单金额[旧:870,新:0.01]', '2017-09-21 10:33:24', '金额变更', '73', '2', 'XT_2990', '1', '南翼园景房', '0.01', '22226341700010', null);
INSERT INTO `air_order_reconfirm_log` VALUES ('26', '', '568686', '0', '0.01', '2017-09-21 10:33:24', '确认有房，待支付', '73', '2', 'XT_2990', '1', '南翼园景房', '0.01', '22226341700010', null);

-- ----------------------------
-- Table structure for `air_order_status_log`
-- ----------------------------
DROP TABLE IF EXISTS `air_order_status_log`;
CREATE TABLE `air_order_status_log` (
  `id` int(12) NOT NULL AUTO_INCREMENT,
  `order_no` varchar(255) DEFAULT NULL,
  `wowo_order_no` varchar(255) DEFAULT NULL,
  `order_status` int(5) DEFAULT NULL,
  `refund_money` varchar(255) DEFAULT NULL,
  `order_log_type` varchar(255) DEFAULT NULL,
  `order_log_remark` varchar(255) DEFAULT NULL,
  `order_log_time` varchar(255) DEFAULT NULL,
  PRIMARY KEY (`id`)
) ENGINE=InnoDB AUTO_INCREMENT=95 DEFAULT CHARSET=utf8;

-- ----------------------------
-- Records of air_order_status_log
-- ----------------------------
INSERT INTO `air_order_status_log` VALUES ('24', '61', '22215474200013', '1', null, '订单创建', '订单创建', '2017-09-14 10:05:42.000000');
INSERT INTO `air_order_status_log` VALUES ('25', '62', '22215480000014', '1', null, '订单创建', '订单创建', '2017-09-14 10:06:40.000000');
INSERT INTO `air_order_status_log` VALUES ('29', '63', '22215562600015', '1', null, '订单创建', '订单创建', '2017-09-14 10:20:26.000000');
INSERT INTO `air_order_status_log` VALUES ('30', '66', '22224437400003', '1', null, '订单创建', '订单创建', '2017-09-15 10:59:34.000000');
INSERT INTO `air_order_status_log` VALUES ('31', null, null, '3', null, '订单支付', '支付成功', '2017-09-15 14:33:17');
INSERT INTO `air_order_status_log` VALUES ('32', null, null, '3', null, '订单支付', '支付成功', '2017-09-15 15:06:39');
INSERT INTO `air_order_status_log` VALUES ('33', '66', '66', '2', null, '确认有房，待支付', 'test', '2017-09-15 15:23:49.000000');
INSERT INTO `air_order_status_log` VALUES ('34', '69', '12226068500006', '2', null, '订单创建', '订单创建', '2017-09-15 15:31:28.000000');
INSERT INTO `air_order_status_log` VALUES ('35', null, null, '3', null, '订单支付', '支付成功', '2017-09-15 15:37:55');
INSERT INTO `air_order_status_log` VALUES ('36', null, null, '3', null, '订单支付', '支付成功', '2017-09-15 15:37:55');
INSERT INTO `air_order_status_log` VALUES ('37', '70', '22226289500007', '1', null, '订单创建', '订单创建', '2017-09-15 16:08:15.000000');
INSERT INTO `air_order_status_log` VALUES ('38', '71', '12226297600008', '2', null, '订单创建', '订单创建', '2017-09-15 16:09:40.000000');
INSERT INTO `air_order_status_log` VALUES ('39', '72', '22226339700009', '1', null, '订单创建', '订单创建', '2017-09-15 16:16:37.000000');
INSERT INTO `air_order_status_log` VALUES ('40', '73', '22226341700010', '1', null, '订单创建', '订单创建', '2017-09-15 16:16:57.000000');
INSERT INTO `air_order_status_log` VALUES ('41', '74', '22226343700011', '1', null, '订单创建', '订单创建', '2017-09-15 16:17:17.000000');
INSERT INTO `air_order_status_log` VALUES ('45', '70', '22226289500007', '2', null, '金额变更', '变更了订单金额[旧:870,新:0.01]', '2017-09-15 16:48:04.000000');
INSERT INTO `air_order_status_log` VALUES ('46', '70', '22226289500007', '2', null, '确认有房，待支付', '0.01', '2017-09-15 16:48:04.000000');
INSERT INTO `air_order_status_log` VALUES ('47', '75', '22250658400001', '1', null, '订单创建', '订单创建', '2017-09-18 11:49:44.000000');
INSERT INTO `air_order_status_log` VALUES ('48', '81', '22259032400006', '1', null, '订单创建', '订单创建', '2017-09-19 11:05:24.000000');
INSERT INTO `air_order_status_log` VALUES ('49', '82', '22267589800001', '1', null, '订单创建', '订单创建', '2017-09-20 10:51:38.000000');
INSERT INTO `air_order_status_log` VALUES ('50', '83', '12267658400002', '2', null, '订单创建', '订单创建', '2017-09-20 11:03:08.000000');
INSERT INTO `air_order_status_log` VALUES ('53', '82', '22267589800001', '3', null, '订单支付', '支付成功', '2017-09-20 14:13:37');
INSERT INTO `air_order_status_log` VALUES ('58', '72', '22226339700009', '2', null, '金额变更', '变更了订单金额[旧:870,新:0.01]', '2017-09-20 14:31:25.000000');
INSERT INTO `air_order_status_log` VALUES ('59', '72', '22226339700009', '2', null, '确认有房，待支付', '0.01', '2017-09-20 14:31:25.000000');
INSERT INTO `air_order_status_log` VALUES ('64', '82', '22267589800001', '2', null, '金额变更', '变更了订单金额[旧:0,新:0.01]', '2017-09-20 15:37:28');
INSERT INTO `air_order_status_log` VALUES ('65', '82', '22267589800001', '2', null, '确认有房，待支付', '0.01', '2017-09-20 15:37:28');
INSERT INTO `air_order_status_log` VALUES ('66', '72', '22226339700009', '2', null, '金额变更', '变更了订单金额[旧:0,新:0.01]', '2017-09-20 15:47:49');
INSERT INTO `air_order_status_log` VALUES ('67', '72', '22226339700009', '2', null, '确认有房，待支付', '0.0.1', '2017-09-20 15:47:49');
INSERT INTO `air_order_status_log` VALUES ('68', '72', '22226339700009', '3', null, '订单支付', '支付成功', '2017-09-20 15:48:55');
INSERT INTO `air_order_status_log` VALUES ('69', '69', '12226068500006', '2', null, '确认有房，待支付', '651', '2017-09-20 16:02:30');
INSERT INTO `air_order_status_log` VALUES ('70', '69', '12226068500006', '2', null, '确认有房，待支付', '1', '2017-09-20 16:45:47');
INSERT INTO `air_order_status_log` VALUES ('71', '69', '12226068500006', null, null, '订单修改', '离店时间变更、联系人变更、入住人变更', '2017-09-20 16:45:45');
INSERT INTO `air_order_status_log` VALUES ('72', '84', '22269799500003', '1', null, '订单创建', '订单创建', '2017-09-20 16:59:55.000000');
INSERT INTO `air_order_status_log` VALUES ('73', '85', '22269843600004', '1', null, '订单创建', '订单创建', '2017-09-20 17:07:16.000000');
INSERT INTO `air_order_status_log` VALUES ('74', null, null, null, null, null, null, null);
INSERT INTO `air_order_status_log` VALUES ('75', null, null, null, null, null, null, null);
INSERT INTO `air_order_status_log` VALUES ('76', null, null, null, null, null, null, null);
INSERT INTO `air_order_status_log` VALUES ('77', '92', '22275731400006', '1', null, '订单创建', '订单创建', '2017-09-21 09:28:34.000000');
INSERT INTO `air_order_status_log` VALUES ('78', '93', '22275780100007', '1', null, '订单创建', '订单创建', '2017-09-21 09:36:41.000000');
INSERT INTO `air_order_status_log` VALUES ('79', '72', '22226339700009', null, null, '订单修改', '联系人变更、入住人变更', '2017-09-21 10:03:43');
INSERT INTO `air_order_status_log` VALUES ('80', '72', '22226339700009', null, null, '订单修改', '联系人变更、入住人变更', '2017-09-21 10:04:23');
INSERT INTO `air_order_status_log` VALUES ('81', '72', '22226339700009', null, null, '订单修改', '联系人变更、入住人变更', '2017-09-21 10:09:53');
INSERT INTO `air_order_status_log` VALUES ('82', '72', '22226339700009', null, null, '订单修改', '联系人变更、入住人变更', '2017-09-21 10:10:48');
INSERT INTO `air_order_status_log` VALUES ('83', '94', '22276059200011', '1', null, '订单创建', '订单创建', '2017-09-21 10:23:12.000000');
INSERT INTO `air_order_status_log` VALUES ('84', '94', '22276059200011', '2', null, '金额变更', '变更了订单金额[旧:870,新:0.01]', '2017-09-21 10:23:29');
INSERT INTO `air_order_status_log` VALUES ('85', '94', '22276059200011', '2', null, '确认有房，待支付', '0.01', '2017-09-21 10:23:29');
INSERT INTO `air_order_status_log` VALUES ('86', '94', '22276059200011', '3', null, '订单支付', '支付成功', '2017-09-21 10:23:54');
INSERT INTO `air_order_status_log` VALUES ('87', '73', '22226341700010', '2', null, '金额变更', '变更了订单金额[旧:870,新:0.01]', '2017-09-21 10:33:24');
INSERT INTO `air_order_status_log` VALUES ('88', '73', '22226341700010', '2', null, '确认有房，待支付', '0.01', '2017-09-21 10:33:24');
INSERT INTO `air_order_status_log` VALUES ('89', '73', '22226341700010', '3', null, '订单支付', '支付成功', '2017-09-21 10:33:40');
INSERT INTO `air_order_status_log` VALUES ('90', '73', '22226341700010', null, null, '订单修改', '入住时间变更、离店时间变更', '2017-09-21 10:35:15');
INSERT INTO `air_order_status_log` VALUES ('91', '95', '12276157400012', '2', null, '订单创建', '订单创建', '2017-09-21 10:39:36.000000');
INSERT INTO `air_order_status_log` VALUES ('92', '96', '12276170400013', '2', null, '订单创建', '订单创建', '2017-09-21 10:41:48.000000');
INSERT INTO `air_order_status_log` VALUES ('93', '97', '12276246100014', '2', null, '订单创建', '订单创建', '2017-09-21 10:54:23.000000');
INSERT INTO `air_order_status_log` VALUES ('94', '70', '22226289500007', '2', null, '订单创建', '订单创建', '2');

-- ----------------------------
-- Table structure for `air_test`
-- ----------------------------
DROP TABLE IF EXISTS `air_test`;
CREATE TABLE `air_test` (
  `id` int(11) NOT NULL AUTO_INCREMENT,
  `name` varchar(255) DEFAULT NULL,
  PRIMARY KEY (`id`)
) ENGINE=InnoDB AUTO_INCREMENT=2659 DEFAULT CHARSET=utf8;

-- ----------------------------
-- Records of air_test
-- ----------------------------
INSERT INTO `air_test` VALUES ('1', '1');
INSERT INTO `air_test` VALUES ('2', '1');
INSERT INTO `air_test` VALUES ('3', '1');
INSERT INTO `air_test` VALUES ('4', '1');
INSERT INTO `air_test` VALUES ('5', '1');
INSERT INTO `air_test` VALUES ('6', '1');
INSERT INTO `air_test` VALUES ('7', '1');
INSERT INTO `air_test` VALUES ('8', '1');
INSERT INTO `air_test` VALUES ('9', '1');
INSERT INTO `air_test` VALUES ('10', '1');
INSERT INTO `air_test` VALUES ('11', '1');
INSERT INTO `air_test` VALUES ('12', '1');
INSERT INTO `air_test` VALUES ('13', '1');
INSERT INTO `air_test` VALUES ('14', '1');
INSERT INTO `air_test` VALUES ('15', '1');
INSERT INTO `air_test` VALUES ('16', '1');
INSERT INTO `air_test` VALUES ('17', '1');
INSERT INTO `air_test` VALUES ('18', '1');
INSERT INTO `air_test` VALUES ('19', '1');
INSERT INTO `air_test` VALUES ('20', '1');
INSERT INTO `air_test` VALUES ('21', '1');
INSERT INTO `air_test` VALUES ('22', '1');
INSERT INTO `air_test` VALUES ('23', '1');
INSERT INTO `air_test` VALUES ('24', '1');
INSERT INTO `air_test` VALUES ('25', '1');
INSERT INTO `air_test` VALUES ('26', '1');
INSERT INTO `air_test` VALUES ('27', '1');
INSERT INTO `air_test` VALUES ('28', '1');
INSERT INTO `air_test` VALUES ('29', '1');
INSERT INTO `air_test` VALUES ('30', '1');
INSERT INTO `air_test` VALUES ('31', '1');
INSERT INTO `air_test` VALUES ('32', '1');
INSERT INTO `air_test` VALUES ('33', '1');
INSERT INTO `air_test` VALUES ('34', '1');
INSERT INTO `air_test` VALUES ('35', '1');
INSERT INTO `air_test` VALUES ('36', '1');
INSERT INTO `air_test` VALUES ('37', '1');
INSERT INTO `air_test` VALUES ('38', '1');
INSERT INTO `air_test` VALUES ('39', '1');
INSERT INTO `air_test` VALUES ('40', '1');
INSERT INTO `air_test` VALUES ('41', '1');
INSERT INTO `air_test` VALUES ('42', '1');
INSERT INTO `air_test` VALUES ('43', '1');
INSERT INTO `air_test` VALUES ('44', '1');
INSERT INTO `air_test` VALUES ('45', '1');
INSERT INTO `air_test` VALUES ('46', '1');
INSERT INTO `air_test` VALUES ('47', '1');
INSERT INTO `air_test` VALUES ('48', '1');
INSERT INTO `air_test` VALUES ('49', '1');
INSERT INTO `air_test` VALUES ('50', '1');
INSERT INTO `air_test` VALUES ('51', '1');
INSERT INTO `air_test` VALUES ('52', '1');
INSERT INTO `air_test` VALUES ('53', '1');
INSERT INTO `air_test` VALUES ('54', '1');
INSERT INTO `air_test` VALUES ('55', '1');
INSERT INTO `air_test` VALUES ('56', '1');
INSERT INTO `air_test` VALUES ('57', '1');
INSERT INTO `air_test` VALUES ('58', '1');
INSERT INTO `air_test` VALUES ('59', '1');
INSERT INTO `air_test` VALUES ('60', '1');
INSERT INTO `air_test` VALUES ('61', '1');
INSERT INTO `air_test` VALUES ('62', '1');
INSERT INTO `air_test` VALUES ('63', '1');
INSERT INTO `air_test` VALUES ('64', '1');
INSERT INTO `air_test` VALUES ('65', '1');
INSERT INTO `air_test` VALUES ('66', '1');
INSERT INTO `air_test` VALUES ('67', '1');
INSERT INTO `air_test` VALUES ('68', '1');
INSERT INTO `air_test` VALUES ('69', '1');
INSERT INTO `air_test` VALUES ('70', '1');
INSERT INTO `air_test` VALUES ('71', '1');
INSERT INTO `air_test` VALUES ('72', '1');
INSERT INTO `air_test` VALUES ('73', '1');
INSERT INTO `air_test` VALUES ('74', '1');
INSERT INTO `air_test` VALUES ('75', '1');
INSERT INTO `air_test` VALUES ('76', '1');
INSERT INTO `air_test` VALUES ('77', '1');
INSERT INTO `air_test` VALUES ('78', '1');
INSERT INTO `air_test` VALUES ('79', '1');
INSERT INTO `air_test` VALUES ('80', '1');
INSERT INTO `air_test` VALUES ('81', '1');
INSERT INTO `air_test` VALUES ('82', '1');
INSERT INTO `air_test` VALUES ('83', '1');
INSERT INTO `air_test` VALUES ('84', '1');
INSERT INTO `air_test` VALUES ('85', '1');
INSERT INTO `air_test` VALUES ('86', '1');
INSERT INTO `air_test` VALUES ('87', '1');
INSERT INTO `air_test` VALUES ('88', '1');
INSERT INTO `air_test` VALUES ('89', '1');
INSERT INTO `air_test` VALUES ('90', '1');
INSERT INTO `air_test` VALUES ('91', '1');
INSERT INTO `air_test` VALUES ('92', '1');
INSERT INTO `air_test` VALUES ('93', '1');
INSERT INTO `air_test` VALUES ('94', '1');
INSERT INTO `air_test` VALUES ('95', '1');
INSERT INTO `air_test` VALUES ('96', '1');
INSERT INTO `air_test` VALUES ('97', '1');
INSERT INTO `air_test` VALUES ('98', '1');
INSERT INTO `air_test` VALUES ('99', '1');
INSERT INTO `air_test` VALUES ('100', '1');
INSERT INTO `air_test` VALUES ('101', '1');
INSERT INTO `air_test` VALUES ('102', '1');
INSERT INTO `air_test` VALUES ('103', '1');
INSERT INTO `air_test` VALUES ('104', '1');
INSERT INTO `air_test` VALUES ('105', '1');
INSERT INTO `air_test` VALUES ('106', '1');
INSERT INTO `air_test` VALUES ('107', '1');
INSERT INTO `air_test` VALUES ('108', '1');
INSERT INTO `air_test` VALUES ('109', '1');
INSERT INTO `air_test` VALUES ('110', '1');
INSERT INTO `air_test` VALUES ('111', '1');
INSERT INTO `air_test` VALUES ('112', '1');
INSERT INTO `air_test` VALUES ('113', '1');
INSERT INTO `air_test` VALUES ('114', '1');
INSERT INTO `air_test` VALUES ('115', '1');
INSERT INTO `air_test` VALUES ('116', '1');
INSERT INTO `air_test` VALUES ('117', '1');
INSERT INTO `air_test` VALUES ('118', '1');
INSERT INTO `air_test` VALUES ('119', '1');
INSERT INTO `air_test` VALUES ('120', '1');
INSERT INTO `air_test` VALUES ('121', '1');
INSERT INTO `air_test` VALUES ('122', '1');
INSERT INTO `air_test` VALUES ('123', '1');
INSERT INTO `air_test` VALUES ('124', '1');
INSERT INTO `air_test` VALUES ('125', '1');
INSERT INTO `air_test` VALUES ('126', '1');
INSERT INTO `air_test` VALUES ('127', '1');
INSERT INTO `air_test` VALUES ('128', '1');
INSERT INTO `air_test` VALUES ('129', '1');
INSERT INTO `air_test` VALUES ('130', '1');
INSERT INTO `air_test` VALUES ('131', '1');
INSERT INTO `air_test` VALUES ('132', '1');
INSERT INTO `air_test` VALUES ('133', '1');
INSERT INTO `air_test` VALUES ('134', '1');
INSERT INTO `air_test` VALUES ('135', '1');
INSERT INTO `air_test` VALUES ('136', '1');
INSERT INTO `air_test` VALUES ('137', '1');
INSERT INTO `air_test` VALUES ('138', '1');
INSERT INTO `air_test` VALUES ('139', '1');
INSERT INTO `air_test` VALUES ('140', '1');
INSERT INTO `air_test` VALUES ('141', '1');
INSERT INTO `air_test` VALUES ('142', '1');
INSERT INTO `air_test` VALUES ('143', '1');
INSERT INTO `air_test` VALUES ('144', '1');
INSERT INTO `air_test` VALUES ('145', '1');
INSERT INTO `air_test` VALUES ('146', '1');
INSERT INTO `air_test` VALUES ('147', '1');
INSERT INTO `air_test` VALUES ('148', '1');
INSERT INTO `air_test` VALUES ('149', '1');
INSERT INTO `air_test` VALUES ('150', '1');
INSERT INTO `air_test` VALUES ('151', '1');
INSERT INTO `air_test` VALUES ('152', '1');
INSERT INTO `air_test` VALUES ('153', '1');
INSERT INTO `air_test` VALUES ('154', '1');
INSERT INTO `air_test` VALUES ('155', '1');
INSERT INTO `air_test` VALUES ('156', '1');
INSERT INTO `air_test` VALUES ('157', '1');
INSERT INTO `air_test` VALUES ('158', '1');
INSERT INTO `air_test` VALUES ('159', '1');
INSERT INTO `air_test` VALUES ('160', '1');
INSERT INTO `air_test` VALUES ('161', '1');
INSERT INTO `air_test` VALUES ('162', '1');
INSERT INTO `air_test` VALUES ('163', '1');
INSERT INTO `air_test` VALUES ('164', '1');
INSERT INTO `air_test` VALUES ('165', '1');
INSERT INTO `air_test` VALUES ('166', '1');
INSERT INTO `air_test` VALUES ('167', '1');
INSERT INTO `air_test` VALUES ('168', '1');
INSERT INTO `air_test` VALUES ('169', '1');
INSERT INTO `air_test` VALUES ('170', '1');
INSERT INTO `air_test` VALUES ('171', '1');
INSERT INTO `air_test` VALUES ('172', '1');
INSERT INTO `air_test` VALUES ('173', '1');
INSERT INTO `air_test` VALUES ('174', '1');
INSERT INTO `air_test` VALUES ('175', '1');
INSERT INTO `air_test` VALUES ('176', '1');
INSERT INTO `air_test` VALUES ('177', '1');
INSERT INTO `air_test` VALUES ('178', '1');
INSERT INTO `air_test` VALUES ('179', '1');
INSERT INTO `air_test` VALUES ('180', '1');
INSERT INTO `air_test` VALUES ('181', '1');
INSERT INTO `air_test` VALUES ('182', '1');
INSERT INTO `air_test` VALUES ('183', '1');
INSERT INTO `air_test` VALUES ('184', '1');
INSERT INTO `air_test` VALUES ('185', '1');
INSERT INTO `air_test` VALUES ('186', '1');
INSERT INTO `air_test` VALUES ('187', '1');
INSERT INTO `air_test` VALUES ('188', '1');
INSERT INTO `air_test` VALUES ('189', '1');
INSERT INTO `air_test` VALUES ('190', '1');
INSERT INTO `air_test` VALUES ('191', '1');
INSERT INTO `air_test` VALUES ('192', '1');
INSERT INTO `air_test` VALUES ('193', '1');
INSERT INTO `air_test` VALUES ('194', '1');
INSERT INTO `air_test` VALUES ('195', '1');
INSERT INTO `air_test` VALUES ('196', '1');
INSERT INTO `air_test` VALUES ('197', '1');
INSERT INTO `air_test` VALUES ('198', '1');
INSERT INTO `air_test` VALUES ('199', '1');
INSERT INTO `air_test` VALUES ('200', '1');
INSERT INTO `air_test` VALUES ('201', '1');
INSERT INTO `air_test` VALUES ('202', '1');
INSERT INTO `air_test` VALUES ('203', '1');
INSERT INTO `air_test` VALUES ('204', '1');
INSERT INTO `air_test` VALUES ('205', '1');
INSERT INTO `air_test` VALUES ('206', '1');
INSERT INTO `air_test` VALUES ('207', '1');
INSERT INTO `air_test` VALUES ('208', '1');
INSERT INTO `air_test` VALUES ('209', '1');
INSERT INTO `air_test` VALUES ('210', '1');
INSERT INTO `air_test` VALUES ('211', '1');
INSERT INTO `air_test` VALUES ('212', '1');
INSERT INTO `air_test` VALUES ('213', '1');
INSERT INTO `air_test` VALUES ('214', '1');
INSERT INTO `air_test` VALUES ('215', '1');
INSERT INTO `air_test` VALUES ('216', '1');
INSERT INTO `air_test` VALUES ('217', '1');
INSERT INTO `air_test` VALUES ('218', '1');
INSERT INTO `air_test` VALUES ('219', '1');
INSERT INTO `air_test` VALUES ('220', '1');
INSERT INTO `air_test` VALUES ('221', '1');
INSERT INTO `air_test` VALUES ('222', '1');
INSERT INTO `air_test` VALUES ('223', '1');
INSERT INTO `air_test` VALUES ('224', '1');
INSERT INTO `air_test` VALUES ('225', '1');
INSERT INTO `air_test` VALUES ('226', '1');
INSERT INTO `air_test` VALUES ('227', '1');
INSERT INTO `air_test` VALUES ('228', '1');
INSERT INTO `air_test` VALUES ('229', '1');
INSERT INTO `air_test` VALUES ('230', '1');
INSERT INTO `air_test` VALUES ('231', '1');
INSERT INTO `air_test` VALUES ('232', '1');
INSERT INTO `air_test` VALUES ('233', '1');
INSERT INTO `air_test` VALUES ('234', '1');
INSERT INTO `air_test` VALUES ('235', '1');
INSERT INTO `air_test` VALUES ('236', '1');
INSERT INTO `air_test` VALUES ('237', '1');
INSERT INTO `air_test` VALUES ('238', '1');
INSERT INTO `air_test` VALUES ('239', '1');
INSERT INTO `air_test` VALUES ('240', '1');
INSERT INTO `air_test` VALUES ('241', '1');
INSERT INTO `air_test` VALUES ('242', '1');
INSERT INTO `air_test` VALUES ('243', '1');
INSERT INTO `air_test` VALUES ('244', '1');
INSERT INTO `air_test` VALUES ('245', '1');
INSERT INTO `air_test` VALUES ('246', '1');
INSERT INTO `air_test` VALUES ('247', '1');
INSERT INTO `air_test` VALUES ('248', '1');
INSERT INTO `air_test` VALUES ('249', '1');
INSERT INTO `air_test` VALUES ('250', '1');
INSERT INTO `air_test` VALUES ('251', '1');
INSERT INTO `air_test` VALUES ('252', '1');
INSERT INTO `air_test` VALUES ('253', '1');
INSERT INTO `air_test` VALUES ('254', '1');
INSERT INTO `air_test` VALUES ('255', '1');
INSERT INTO `air_test` VALUES ('256', '1');
INSERT INTO `air_test` VALUES ('257', '1');
INSERT INTO `air_test` VALUES ('258', '1');
INSERT INTO `air_test` VALUES ('259', '1');
INSERT INTO `air_test` VALUES ('260', '1');
INSERT INTO `air_test` VALUES ('261', '1');
INSERT INTO `air_test` VALUES ('262', '1');
INSERT INTO `air_test` VALUES ('263', '1');
INSERT INTO `air_test` VALUES ('264', '1');
INSERT INTO `air_test` VALUES ('265', '1');
INSERT INTO `air_test` VALUES ('266', '1');
INSERT INTO `air_test` VALUES ('267', '1');
INSERT INTO `air_test` VALUES ('268', '1');
INSERT INTO `air_test` VALUES ('269', '1');
INSERT INTO `air_test` VALUES ('270', '1');
INSERT INTO `air_test` VALUES ('271', '1');
INSERT INTO `air_test` VALUES ('272', '1');
INSERT INTO `air_test` VALUES ('273', '1');
INSERT INTO `air_test` VALUES ('274', '1');
INSERT INTO `air_test` VALUES ('275', '1');
INSERT INTO `air_test` VALUES ('276', '1');
INSERT INTO `air_test` VALUES ('277', '1');
INSERT INTO `air_test` VALUES ('278', '1');
INSERT INTO `air_test` VALUES ('279', '1');
INSERT INTO `air_test` VALUES ('280', '1');
INSERT INTO `air_test` VALUES ('281', '1');
INSERT INTO `air_test` VALUES ('282', '1');
INSERT INTO `air_test` VALUES ('283', '1');
INSERT INTO `air_test` VALUES ('284', '1');
INSERT INTO `air_test` VALUES ('285', '1');
INSERT INTO `air_test` VALUES ('286', '1');
INSERT INTO `air_test` VALUES ('287', '1');
INSERT INTO `air_test` VALUES ('288', '1');
INSERT INTO `air_test` VALUES ('289', '1');
INSERT INTO `air_test` VALUES ('290', '1');
INSERT INTO `air_test` VALUES ('291', '1');
INSERT INTO `air_test` VALUES ('292', '1');
INSERT INTO `air_test` VALUES ('293', '1');
INSERT INTO `air_test` VALUES ('294', '1');
INSERT INTO `air_test` VALUES ('295', '1');
INSERT INTO `air_test` VALUES ('296', '1');
INSERT INTO `air_test` VALUES ('297', '1');
INSERT INTO `air_test` VALUES ('298', '1');
INSERT INTO `air_test` VALUES ('299', '1');
INSERT INTO `air_test` VALUES ('300', '1');
INSERT INTO `air_test` VALUES ('301', '1');
INSERT INTO `air_test` VALUES ('302', '1');
INSERT INTO `air_test` VALUES ('303', '1');
INSERT INTO `air_test` VALUES ('304', '1');
INSERT INTO `air_test` VALUES ('305', '1');
INSERT INTO `air_test` VALUES ('306', '1');
INSERT INTO `air_test` VALUES ('307', '1');
INSERT INTO `air_test` VALUES ('308', '1');
INSERT INTO `air_test` VALUES ('309', '1');
INSERT INTO `air_test` VALUES ('310', '1');
INSERT INTO `air_test` VALUES ('311', '1');
INSERT INTO `air_test` VALUES ('312', '1');
INSERT INTO `air_test` VALUES ('313', '1');
INSERT INTO `air_test` VALUES ('314', '1');
INSERT INTO `air_test` VALUES ('315', '1');
INSERT INTO `air_test` VALUES ('316', '1');
INSERT INTO `air_test` VALUES ('317', '1');
INSERT INTO `air_test` VALUES ('318', '1');
INSERT INTO `air_test` VALUES ('319', '1');
INSERT INTO `air_test` VALUES ('320', '1');
INSERT INTO `air_test` VALUES ('321', '1');
INSERT INTO `air_test` VALUES ('322', '1');
INSERT INTO `air_test` VALUES ('323', '1');
INSERT INTO `air_test` VALUES ('324', '1');
INSERT INTO `air_test` VALUES ('325', '1');
INSERT INTO `air_test` VALUES ('326', '1');
INSERT INTO `air_test` VALUES ('327', '1');
INSERT INTO `air_test` VALUES ('328', '1');
INSERT INTO `air_test` VALUES ('329', '1');
INSERT INTO `air_test` VALUES ('330', '1');
INSERT INTO `air_test` VALUES ('331', '1');
INSERT INTO `air_test` VALUES ('332', '1');
INSERT INTO `air_test` VALUES ('333', '1');
INSERT INTO `air_test` VALUES ('334', '1');
INSERT INTO `air_test` VALUES ('335', '1');
INSERT INTO `air_test` VALUES ('336', '1');
INSERT INTO `air_test` VALUES ('337', '1');
INSERT INTO `air_test` VALUES ('338', '1');
INSERT INTO `air_test` VALUES ('339', '1');
INSERT INTO `air_test` VALUES ('340', '1');
INSERT INTO `air_test` VALUES ('341', '1');
INSERT INTO `air_test` VALUES ('342', '1');
INSERT INTO `air_test` VALUES ('343', '1');
INSERT INTO `air_test` VALUES ('344', '1');
INSERT INTO `air_test` VALUES ('345', '1');
INSERT INTO `air_test` VALUES ('346', '1');
INSERT INTO `air_test` VALUES ('347', '1');
INSERT INTO `air_test` VALUES ('348', '1');
INSERT INTO `air_test` VALUES ('349', '1');
INSERT INTO `air_test` VALUES ('350', '1');
INSERT INTO `air_test` VALUES ('351', '1');
INSERT INTO `air_test` VALUES ('352', '1');
INSERT INTO `air_test` VALUES ('353', '1');
INSERT INTO `air_test` VALUES ('354', '1');
INSERT INTO `air_test` VALUES ('355', '1');
INSERT INTO `air_test` VALUES ('356', '1');
INSERT INTO `air_test` VALUES ('357', '1');
INSERT INTO `air_test` VALUES ('358', '1');
INSERT INTO `air_test` VALUES ('359', '1');
INSERT INTO `air_test` VALUES ('360', '1');
INSERT INTO `air_test` VALUES ('361', '1');
INSERT INTO `air_test` VALUES ('362', '1');
INSERT INTO `air_test` VALUES ('363', '1');
INSERT INTO `air_test` VALUES ('364', '1');
INSERT INTO `air_test` VALUES ('365', '1');
INSERT INTO `air_test` VALUES ('366', '1');
INSERT INTO `air_test` VALUES ('367', '1');
INSERT INTO `air_test` VALUES ('368', '1');
INSERT INTO `air_test` VALUES ('369', '1');
INSERT INTO `air_test` VALUES ('370', '1');
INSERT INTO `air_test` VALUES ('371', '1');
INSERT INTO `air_test` VALUES ('372', '1');
INSERT INTO `air_test` VALUES ('373', '1');
INSERT INTO `air_test` VALUES ('374', '1');
INSERT INTO `air_test` VALUES ('375', '1');
INSERT INTO `air_test` VALUES ('376', '1');
INSERT INTO `air_test` VALUES ('377', '1');
INSERT INTO `air_test` VALUES ('378', '1');
INSERT INTO `air_test` VALUES ('379', '1');
INSERT INTO `air_test` VALUES ('380', '1');
INSERT INTO `air_test` VALUES ('381', '1');
INSERT INTO `air_test` VALUES ('382', '1');
INSERT INTO `air_test` VALUES ('383', '1');
INSERT INTO `air_test` VALUES ('384', '1');
INSERT INTO `air_test` VALUES ('385', '1');
INSERT INTO `air_test` VALUES ('386', '1');
INSERT INTO `air_test` VALUES ('387', '1');
INSERT INTO `air_test` VALUES ('388', '1');
INSERT INTO `air_test` VALUES ('389', '1');
INSERT INTO `air_test` VALUES ('390', '1');
INSERT INTO `air_test` VALUES ('391', '1');
INSERT INTO `air_test` VALUES ('392', '1');
INSERT INTO `air_test` VALUES ('393', '1');
INSERT INTO `air_test` VALUES ('394', '1');
INSERT INTO `air_test` VALUES ('395', '1');
INSERT INTO `air_test` VALUES ('396', '1');
INSERT INTO `air_test` VALUES ('397', '1');
INSERT INTO `air_test` VALUES ('398', '1');
INSERT INTO `air_test` VALUES ('399', '1');
INSERT INTO `air_test` VALUES ('400', '1');
INSERT INTO `air_test` VALUES ('401', '1');
INSERT INTO `air_test` VALUES ('402', '1');
INSERT INTO `air_test` VALUES ('403', '1');
INSERT INTO `air_test` VALUES ('404', '1');
INSERT INTO `air_test` VALUES ('405', '1');
INSERT INTO `air_test` VALUES ('406', '1');
INSERT INTO `air_test` VALUES ('407', '1');
INSERT INTO `air_test` VALUES ('408', '1');
INSERT INTO `air_test` VALUES ('409', '1');
INSERT INTO `air_test` VALUES ('410', '1');
INSERT INTO `air_test` VALUES ('411', '1');
INSERT INTO `air_test` VALUES ('412', '1');
INSERT INTO `air_test` VALUES ('413', '1');
INSERT INTO `air_test` VALUES ('414', '1');
INSERT INTO `air_test` VALUES ('415', '1');
INSERT INTO `air_test` VALUES ('416', '1');
INSERT INTO `air_test` VALUES ('417', '1');
INSERT INTO `air_test` VALUES ('418', '1');
INSERT INTO `air_test` VALUES ('419', '1');
INSERT INTO `air_test` VALUES ('420', '1');
INSERT INTO `air_test` VALUES ('421', '1');
INSERT INTO `air_test` VALUES ('422', '1');
INSERT INTO `air_test` VALUES ('423', '1');
INSERT INTO `air_test` VALUES ('424', '1');
INSERT INTO `air_test` VALUES ('425', '1');
INSERT INTO `air_test` VALUES ('426', '1');
INSERT INTO `air_test` VALUES ('427', '1');
INSERT INTO `air_test` VALUES ('428', '1');
INSERT INTO `air_test` VALUES ('429', '1');
INSERT INTO `air_test` VALUES ('430', '1');
INSERT INTO `air_test` VALUES ('431', '1');
INSERT INTO `air_test` VALUES ('432', '1');
INSERT INTO `air_test` VALUES ('433', '1');
INSERT INTO `air_test` VALUES ('434', '1');
INSERT INTO `air_test` VALUES ('435', '1');
INSERT INTO `air_test` VALUES ('436', '1');
INSERT INTO `air_test` VALUES ('437', '1');
INSERT INTO `air_test` VALUES ('438', '1');
INSERT INTO `air_test` VALUES ('439', '1');
INSERT INTO `air_test` VALUES ('440', '1');
INSERT INTO `air_test` VALUES ('441', '1');
INSERT INTO `air_test` VALUES ('442', '1');
INSERT INTO `air_test` VALUES ('443', '1');
INSERT INTO `air_test` VALUES ('444', '1');
INSERT INTO `air_test` VALUES ('445', '1');
INSERT INTO `air_test` VALUES ('446', '1');
INSERT INTO `air_test` VALUES ('447', '1');
INSERT INTO `air_test` VALUES ('448', '1');
INSERT INTO `air_test` VALUES ('449', '1');
INSERT INTO `air_test` VALUES ('450', '1');
INSERT INTO `air_test` VALUES ('451', '1');
INSERT INTO `air_test` VALUES ('452', '1');
INSERT INTO `air_test` VALUES ('453', '1');
INSERT INTO `air_test` VALUES ('454', '1');
INSERT INTO `air_test` VALUES ('455', '1');
INSERT INTO `air_test` VALUES ('456', '1');
INSERT INTO `air_test` VALUES ('457', '1');
INSERT INTO `air_test` VALUES ('458', '1');
INSERT INTO `air_test` VALUES ('459', '1');
INSERT INTO `air_test` VALUES ('460', '1');
INSERT INTO `air_test` VALUES ('461', '1');
INSERT INTO `air_test` VALUES ('462', '1');
INSERT INTO `air_test` VALUES ('463', '1');
INSERT INTO `air_test` VALUES ('464', '1');
INSERT INTO `air_test` VALUES ('465', '1');
INSERT INTO `air_test` VALUES ('466', '1');
INSERT INTO `air_test` VALUES ('467', '1');
INSERT INTO `air_test` VALUES ('468', '1');
INSERT INTO `air_test` VALUES ('469', '1');
INSERT INTO `air_test` VALUES ('470', '1');
INSERT INTO `air_test` VALUES ('471', '1');
INSERT INTO `air_test` VALUES ('472', '1');
INSERT INTO `air_test` VALUES ('473', '1');
INSERT INTO `air_test` VALUES ('474', '1');
INSERT INTO `air_test` VALUES ('475', '1');
INSERT INTO `air_test` VALUES ('476', '1');
INSERT INTO `air_test` VALUES ('477', '1');
INSERT INTO `air_test` VALUES ('478', '1');
INSERT INTO `air_test` VALUES ('479', '1');
INSERT INTO `air_test` VALUES ('480', '1');
INSERT INTO `air_test` VALUES ('481', '1');
INSERT INTO `air_test` VALUES ('482', '1');
INSERT INTO `air_test` VALUES ('483', '1');
INSERT INTO `air_test` VALUES ('484', '1');
INSERT INTO `air_test` VALUES ('485', '1');
INSERT INTO `air_test` VALUES ('486', '1');
INSERT INTO `air_test` VALUES ('487', '1');
INSERT INTO `air_test` VALUES ('488', '1');
INSERT INTO `air_test` VALUES ('489', '1');
INSERT INTO `air_test` VALUES ('490', '1');
INSERT INTO `air_test` VALUES ('491', '1');
INSERT INTO `air_test` VALUES ('492', '1');
INSERT INTO `air_test` VALUES ('493', '1');
INSERT INTO `air_test` VALUES ('494', '1');
INSERT INTO `air_test` VALUES ('495', '1');
INSERT INTO `air_test` VALUES ('496', '1');
INSERT INTO `air_test` VALUES ('497', '1');
INSERT INTO `air_test` VALUES ('498', '1');
INSERT INTO `air_test` VALUES ('499', '1');
INSERT INTO `air_test` VALUES ('500', '1');
INSERT INTO `air_test` VALUES ('501', '1');
INSERT INTO `air_test` VALUES ('502', '1');
INSERT INTO `air_test` VALUES ('503', '1');
INSERT INTO `air_test` VALUES ('504', '1');
INSERT INTO `air_test` VALUES ('505', '1');
INSERT INTO `air_test` VALUES ('506', '1');
INSERT INTO `air_test` VALUES ('507', '1');
INSERT INTO `air_test` VALUES ('508', '1');
INSERT INTO `air_test` VALUES ('509', '1');
INSERT INTO `air_test` VALUES ('510', '1');
INSERT INTO `air_test` VALUES ('511', '1');
INSERT INTO `air_test` VALUES ('512', '1');
INSERT INTO `air_test` VALUES ('513', '1');
INSERT INTO `air_test` VALUES ('514', '1');
INSERT INTO `air_test` VALUES ('515', '1');
INSERT INTO `air_test` VALUES ('516', '1');
INSERT INTO `air_test` VALUES ('517', '1');
INSERT INTO `air_test` VALUES ('518', '1');
INSERT INTO `air_test` VALUES ('519', '1');
INSERT INTO `air_test` VALUES ('520', '1');
INSERT INTO `air_test` VALUES ('521', '1');
INSERT INTO `air_test` VALUES ('522', '1');
INSERT INTO `air_test` VALUES ('523', '1');
INSERT INTO `air_test` VALUES ('524', '1');
INSERT INTO `air_test` VALUES ('525', '1');
INSERT INTO `air_test` VALUES ('526', '1');
INSERT INTO `air_test` VALUES ('527', '1');
INSERT INTO `air_test` VALUES ('528', '1');
INSERT INTO `air_test` VALUES ('529', '1');
INSERT INTO `air_test` VALUES ('530', '1');
INSERT INTO `air_test` VALUES ('531', '1');
INSERT INTO `air_test` VALUES ('532', '1');
INSERT INTO `air_test` VALUES ('533', '1');
INSERT INTO `air_test` VALUES ('534', '1');
INSERT INTO `air_test` VALUES ('535', '1');
INSERT INTO `air_test` VALUES ('536', '1');
INSERT INTO `air_test` VALUES ('537', '1');
INSERT INTO `air_test` VALUES ('538', '1');
INSERT INTO `air_test` VALUES ('539', '1');
INSERT INTO `air_test` VALUES ('540', '1');
INSERT INTO `air_test` VALUES ('541', '1');
INSERT INTO `air_test` VALUES ('542', '1');
INSERT INTO `air_test` VALUES ('543', '1');
INSERT INTO `air_test` VALUES ('544', '1');
INSERT INTO `air_test` VALUES ('545', '1');
INSERT INTO `air_test` VALUES ('546', '1');
INSERT INTO `air_test` VALUES ('547', '1');
INSERT INTO `air_test` VALUES ('548', '1');
INSERT INTO `air_test` VALUES ('549', '1');
INSERT INTO `air_test` VALUES ('550', '1');
INSERT INTO `air_test` VALUES ('551', '1');
INSERT INTO `air_test` VALUES ('552', '1');
INSERT INTO `air_test` VALUES ('553', '1');
INSERT INTO `air_test` VALUES ('554', '1');
INSERT INTO `air_test` VALUES ('555', '1');
INSERT INTO `air_test` VALUES ('556', '1');
INSERT INTO `air_test` VALUES ('557', '1');
INSERT INTO `air_test` VALUES ('558', '1');
INSERT INTO `air_test` VALUES ('559', '1');
INSERT INTO `air_test` VALUES ('560', '1');
INSERT INTO `air_test` VALUES ('561', '1');
INSERT INTO `air_test` VALUES ('562', '1');
INSERT INTO `air_test` VALUES ('563', '1');
INSERT INTO `air_test` VALUES ('564', '1');
INSERT INTO `air_test` VALUES ('565', '1');
INSERT INTO `air_test` VALUES ('566', '1');
INSERT INTO `air_test` VALUES ('567', '1');
INSERT INTO `air_test` VALUES ('568', '1');
INSERT INTO `air_test` VALUES ('569', '1');
INSERT INTO `air_test` VALUES ('570', '1');
INSERT INTO `air_test` VALUES ('571', '1');
INSERT INTO `air_test` VALUES ('572', '1');
INSERT INTO `air_test` VALUES ('573', '1');
INSERT INTO `air_test` VALUES ('574', '1');
INSERT INTO `air_test` VALUES ('575', '1');
INSERT INTO `air_test` VALUES ('576', '1');
INSERT INTO `air_test` VALUES ('577', '1');
INSERT INTO `air_test` VALUES ('578', '1');
INSERT INTO `air_test` VALUES ('579', '1');
INSERT INTO `air_test` VALUES ('580', '1');
INSERT INTO `air_test` VALUES ('581', '1');
INSERT INTO `air_test` VALUES ('582', '1');
INSERT INTO `air_test` VALUES ('583', '1');
INSERT INTO `air_test` VALUES ('584', '1');
INSERT INTO `air_test` VALUES ('585', '1');
INSERT INTO `air_test` VALUES ('586', '1');
INSERT INTO `air_test` VALUES ('587', '1');
INSERT INTO `air_test` VALUES ('588', '1');
INSERT INTO `air_test` VALUES ('589', '1');
INSERT INTO `air_test` VALUES ('590', '1');
INSERT INTO `air_test` VALUES ('591', '1');
INSERT INTO `air_test` VALUES ('592', '1');
INSERT INTO `air_test` VALUES ('593', '1');
INSERT INTO `air_test` VALUES ('594', '1');
INSERT INTO `air_test` VALUES ('595', '1');
INSERT INTO `air_test` VALUES ('596', '1');
INSERT INTO `air_test` VALUES ('597', '1');
INSERT INTO `air_test` VALUES ('598', '1');
INSERT INTO `air_test` VALUES ('599', '1');
INSERT INTO `air_test` VALUES ('600', '1');
INSERT INTO `air_test` VALUES ('601', '1');
INSERT INTO `air_test` VALUES ('602', '1');
INSERT INTO `air_test` VALUES ('603', '1');
INSERT INTO `air_test` VALUES ('604', '1');
INSERT INTO `air_test` VALUES ('605', '1');
INSERT INTO `air_test` VALUES ('606', '1');
INSERT INTO `air_test` VALUES ('607', '1');
INSERT INTO `air_test` VALUES ('608', '1');
INSERT INTO `air_test` VALUES ('609', '1');
INSERT INTO `air_test` VALUES ('610', '1');
INSERT INTO `air_test` VALUES ('611', '1');
INSERT INTO `air_test` VALUES ('612', '1');
INSERT INTO `air_test` VALUES ('613', '1');
INSERT INTO `air_test` VALUES ('614', '1');
INSERT INTO `air_test` VALUES ('615', '1');
INSERT INTO `air_test` VALUES ('616', '1');
INSERT INTO `air_test` VALUES ('617', '1');
INSERT INTO `air_test` VALUES ('618', '1');
INSERT INTO `air_test` VALUES ('619', '1');
INSERT INTO `air_test` VALUES ('620', '1');
INSERT INTO `air_test` VALUES ('621', '1');
INSERT INTO `air_test` VALUES ('622', '1');
INSERT INTO `air_test` VALUES ('623', '1');
INSERT INTO `air_test` VALUES ('624', '1');
INSERT INTO `air_test` VALUES ('625', '1');
INSERT INTO `air_test` VALUES ('626', '1');
INSERT INTO `air_test` VALUES ('627', '1');
INSERT INTO `air_test` VALUES ('628', '1');
INSERT INTO `air_test` VALUES ('629', '1');
INSERT INTO `air_test` VALUES ('630', '1');
INSERT INTO `air_test` VALUES ('631', '1');
INSERT INTO `air_test` VALUES ('632', '1');
INSERT INTO `air_test` VALUES ('633', '1');
INSERT INTO `air_test` VALUES ('634', '1');
INSERT INTO `air_test` VALUES ('635', '1');
INSERT INTO `air_test` VALUES ('636', '1');
INSERT INTO `air_test` VALUES ('637', '1');
INSERT INTO `air_test` VALUES ('638', '1');
INSERT INTO `air_test` VALUES ('639', '1');
INSERT INTO `air_test` VALUES ('640', '1');
INSERT INTO `air_test` VALUES ('641', '1');
INSERT INTO `air_test` VALUES ('642', '1');
INSERT INTO `air_test` VALUES ('643', '1');
INSERT INTO `air_test` VALUES ('644', '1');
INSERT INTO `air_test` VALUES ('645', '1');
INSERT INTO `air_test` VALUES ('646', '1');
INSERT INTO `air_test` VALUES ('647', '1');
INSERT INTO `air_test` VALUES ('648', '1');
INSERT INTO `air_test` VALUES ('649', '1');
INSERT INTO `air_test` VALUES ('650', '1');
INSERT INTO `air_test` VALUES ('651', '1');
INSERT INTO `air_test` VALUES ('652', '1');
INSERT INTO `air_test` VALUES ('653', '1');
INSERT INTO `air_test` VALUES ('654', '1');
INSERT INTO `air_test` VALUES ('655', '1');
INSERT INTO `air_test` VALUES ('656', '1');
INSERT INTO `air_test` VALUES ('657', '1');
INSERT INTO `air_test` VALUES ('658', '1');
INSERT INTO `air_test` VALUES ('659', '1');
INSERT INTO `air_test` VALUES ('660', '1');
INSERT INTO `air_test` VALUES ('661', '1');
INSERT INTO `air_test` VALUES ('662', '1');
INSERT INTO `air_test` VALUES ('663', '1');
INSERT INTO `air_test` VALUES ('664', '1');
INSERT INTO `air_test` VALUES ('665', '1');
INSERT INTO `air_test` VALUES ('666', '1');
INSERT INTO `air_test` VALUES ('667', '1');
INSERT INTO `air_test` VALUES ('668', '1');
INSERT INTO `air_test` VALUES ('669', '1');
INSERT INTO `air_test` VALUES ('670', '1');
INSERT INTO `air_test` VALUES ('671', '1');
INSERT INTO `air_test` VALUES ('672', '1');
INSERT INTO `air_test` VALUES ('673', '1');
INSERT INTO `air_test` VALUES ('674', '1');
INSERT INTO `air_test` VALUES ('675', '1');
INSERT INTO `air_test` VALUES ('676', '1');
INSERT INTO `air_test` VALUES ('677', '1');
INSERT INTO `air_test` VALUES ('678', '1');
INSERT INTO `air_test` VALUES ('679', '1');
INSERT INTO `air_test` VALUES ('680', '1');
INSERT INTO `air_test` VALUES ('681', '1');
INSERT INTO `air_test` VALUES ('682', '1');
INSERT INTO `air_test` VALUES ('683', '1');
INSERT INTO `air_test` VALUES ('684', '1');
INSERT INTO `air_test` VALUES ('685', '1');
INSERT INTO `air_test` VALUES ('686', '1');
INSERT INTO `air_test` VALUES ('687', '1');
INSERT INTO `air_test` VALUES ('688', '1');
INSERT INTO `air_test` VALUES ('689', '1');
INSERT INTO `air_test` VALUES ('690', '1');
INSERT INTO `air_test` VALUES ('691', '1');
INSERT INTO `air_test` VALUES ('692', '1');
INSERT INTO `air_test` VALUES ('693', '1');
INSERT INTO `air_test` VALUES ('694', '1');
INSERT INTO `air_test` VALUES ('695', '1');
INSERT INTO `air_test` VALUES ('696', '1');
INSERT INTO `air_test` VALUES ('697', '1');
INSERT INTO `air_test` VALUES ('698', '1');
INSERT INTO `air_test` VALUES ('699', '1');
INSERT INTO `air_test` VALUES ('700', '1');
INSERT INTO `air_test` VALUES ('701', '1');
INSERT INTO `air_test` VALUES ('702', '1');
INSERT INTO `air_test` VALUES ('703', '1');
INSERT INTO `air_test` VALUES ('704', '1');
INSERT INTO `air_test` VALUES ('705', '1');
INSERT INTO `air_test` VALUES ('706', '1');
INSERT INTO `air_test` VALUES ('707', '1');
INSERT INTO `air_test` VALUES ('708', '1');
INSERT INTO `air_test` VALUES ('709', '1');
INSERT INTO `air_test` VALUES ('710', '1');
INSERT INTO `air_test` VALUES ('711', '1');
INSERT INTO `air_test` VALUES ('712', '1');
INSERT INTO `air_test` VALUES ('713', '1');
INSERT INTO `air_test` VALUES ('714', '1');
INSERT INTO `air_test` VALUES ('715', '1');
INSERT INTO `air_test` VALUES ('716', '1');
INSERT INTO `air_test` VALUES ('717', '1');
INSERT INTO `air_test` VALUES ('718', '1');
INSERT INTO `air_test` VALUES ('719', '1');
INSERT INTO `air_test` VALUES ('720', '1');
INSERT INTO `air_test` VALUES ('721', '1');
INSERT INTO `air_test` VALUES ('722', '1');
INSERT INTO `air_test` VALUES ('723', '1');
INSERT INTO `air_test` VALUES ('724', '1');
INSERT INTO `air_test` VALUES ('725', '1');
INSERT INTO `air_test` VALUES ('726', '1');
INSERT INTO `air_test` VALUES ('727', '1');
INSERT INTO `air_test` VALUES ('728', '1');
INSERT INTO `air_test` VALUES ('729', '1');
INSERT INTO `air_test` VALUES ('730', '1');
INSERT INTO `air_test` VALUES ('731', '1');
INSERT INTO `air_test` VALUES ('732', '1');
INSERT INTO `air_test` VALUES ('733', '1');
INSERT INTO `air_test` VALUES ('734', '1');
INSERT INTO `air_test` VALUES ('735', '1');
INSERT INTO `air_test` VALUES ('736', '1');
INSERT INTO `air_test` VALUES ('737', '1');
INSERT INTO `air_test` VALUES ('738', '1');
INSERT INTO `air_test` VALUES ('739', '1');
INSERT INTO `air_test` VALUES ('740', '1');
INSERT INTO `air_test` VALUES ('741', '1');
INSERT INTO `air_test` VALUES ('742', '1');
INSERT INTO `air_test` VALUES ('743', '1');
INSERT INTO `air_test` VALUES ('744', '1');
INSERT INTO `air_test` VALUES ('745', '1');
INSERT INTO `air_test` VALUES ('746', '1');
INSERT INTO `air_test` VALUES ('747', '1');
INSERT INTO `air_test` VALUES ('748', '1');
INSERT INTO `air_test` VALUES ('749', '1');
INSERT INTO `air_test` VALUES ('750', '1');
INSERT INTO `air_test` VALUES ('751', '1');
INSERT INTO `air_test` VALUES ('752', '1');
INSERT INTO `air_test` VALUES ('753', '1');
INSERT INTO `air_test` VALUES ('754', '1');
INSERT INTO `air_test` VALUES ('755', '1');
INSERT INTO `air_test` VALUES ('756', '1');
INSERT INTO `air_test` VALUES ('757', '1');
INSERT INTO `air_test` VALUES ('758', '1');
INSERT INTO `air_test` VALUES ('759', '1');
INSERT INTO `air_test` VALUES ('760', '1');
INSERT INTO `air_test` VALUES ('761', '1');
INSERT INTO `air_test` VALUES ('762', '1');
INSERT INTO `air_test` VALUES ('763', '1');
INSERT INTO `air_test` VALUES ('764', '1');
INSERT INTO `air_test` VALUES ('765', '1');
INSERT INTO `air_test` VALUES ('766', '1');
INSERT INTO `air_test` VALUES ('767', '1');
INSERT INTO `air_test` VALUES ('768', '1');
INSERT INTO `air_test` VALUES ('769', '1');
INSERT INTO `air_test` VALUES ('770', '1');
INSERT INTO `air_test` VALUES ('771', '1');
INSERT INTO `air_test` VALUES ('772', '1');
INSERT INTO `air_test` VALUES ('773', '1');
INSERT INTO `air_test` VALUES ('774', '1');
INSERT INTO `air_test` VALUES ('775', '1');
INSERT INTO `air_test` VALUES ('776', '1');
INSERT INTO `air_test` VALUES ('777', '1');
INSERT INTO `air_test` VALUES ('778', '1');
INSERT INTO `air_test` VALUES ('779', '1');
INSERT INTO `air_test` VALUES ('780', '1');
INSERT INTO `air_test` VALUES ('781', '1');
INSERT INTO `air_test` VALUES ('782', '1');
INSERT INTO `air_test` VALUES ('783', '1');
INSERT INTO `air_test` VALUES ('784', '1');
INSERT INTO `air_test` VALUES ('785', '1');
INSERT INTO `air_test` VALUES ('786', '1');
INSERT INTO `air_test` VALUES ('787', '1');
INSERT INTO `air_test` VALUES ('788', '1');
INSERT INTO `air_test` VALUES ('789', '1');
INSERT INTO `air_test` VALUES ('790', '1');
INSERT INTO `air_test` VALUES ('791', '1');
INSERT INTO `air_test` VALUES ('792', '1');
INSERT INTO `air_test` VALUES ('793', '1');
INSERT INTO `air_test` VALUES ('794', '1');
INSERT INTO `air_test` VALUES ('795', '1');
INSERT INTO `air_test` VALUES ('796', '1');
INSERT INTO `air_test` VALUES ('797', '1');
INSERT INTO `air_test` VALUES ('798', '1');
INSERT INTO `air_test` VALUES ('799', '1');
INSERT INTO `air_test` VALUES ('800', '1');
INSERT INTO `air_test` VALUES ('801', '1');
INSERT INTO `air_test` VALUES ('802', '1');
INSERT INTO `air_test` VALUES ('803', '1');
INSERT INTO `air_test` VALUES ('804', '1');
INSERT INTO `air_test` VALUES ('805', '1');
INSERT INTO `air_test` VALUES ('806', '1');
INSERT INTO `air_test` VALUES ('807', '1');
INSERT INTO `air_test` VALUES ('808', '1');
INSERT INTO `air_test` VALUES ('809', '1');
INSERT INTO `air_test` VALUES ('810', '1');
INSERT INTO `air_test` VALUES ('811', '1');
INSERT INTO `air_test` VALUES ('812', '1');
INSERT INTO `air_test` VALUES ('813', '1');
INSERT INTO `air_test` VALUES ('814', '1');
INSERT INTO `air_test` VALUES ('815', '1');
INSERT INTO `air_test` VALUES ('816', '1');
INSERT INTO `air_test` VALUES ('817', '1');
INSERT INTO `air_test` VALUES ('818', '1');
INSERT INTO `air_test` VALUES ('819', '1');
INSERT INTO `air_test` VALUES ('820', '1');
INSERT INTO `air_test` VALUES ('821', '1');
INSERT INTO `air_test` VALUES ('822', '1');
INSERT INTO `air_test` VALUES ('823', '1');
INSERT INTO `air_test` VALUES ('824', '1');
INSERT INTO `air_test` VALUES ('825', '1');
INSERT INTO `air_test` VALUES ('826', '1');
INSERT INTO `air_test` VALUES ('827', '1');
INSERT INTO `air_test` VALUES ('828', '1');
INSERT INTO `air_test` VALUES ('829', '1');
INSERT INTO `air_test` VALUES ('830', '1');
INSERT INTO `air_test` VALUES ('831', '1');
INSERT INTO `air_test` VALUES ('832', '1');
INSERT INTO `air_test` VALUES ('833', '1');
INSERT INTO `air_test` VALUES ('834', '1');
INSERT INTO `air_test` VALUES ('835', '1');
INSERT INTO `air_test` VALUES ('836', '1');
INSERT INTO `air_test` VALUES ('837', '1');
INSERT INTO `air_test` VALUES ('838', '1');
INSERT INTO `air_test` VALUES ('839', '1');
INSERT INTO `air_test` VALUES ('840', '1');
INSERT INTO `air_test` VALUES ('841', '1');
INSERT INTO `air_test` VALUES ('842', '1');
INSERT INTO `air_test` VALUES ('843', '1');
INSERT INTO `air_test` VALUES ('844', '1');
INSERT INTO `air_test` VALUES ('845', '1');
INSERT INTO `air_test` VALUES ('846', '1');
INSERT INTO `air_test` VALUES ('847', '1');
INSERT INTO `air_test` VALUES ('848', '1');
INSERT INTO `air_test` VALUES ('849', '1');
INSERT INTO `air_test` VALUES ('850', '1');
INSERT INTO `air_test` VALUES ('851', '1');
INSERT INTO `air_test` VALUES ('852', '1');
INSERT INTO `air_test` VALUES ('853', '1');
INSERT INTO `air_test` VALUES ('854', '1');
INSERT INTO `air_test` VALUES ('855', '1');
INSERT INTO `air_test` VALUES ('856', '1');
INSERT INTO `air_test` VALUES ('857', '1');
INSERT INTO `air_test` VALUES ('858', '1');
INSERT INTO `air_test` VALUES ('859', '1');
INSERT INTO `air_test` VALUES ('860', '1');
INSERT INTO `air_test` VALUES ('861', '1');
INSERT INTO `air_test` VALUES ('862', '1');
INSERT INTO `air_test` VALUES ('863', '1');
INSERT INTO `air_test` VALUES ('864', '1');
INSERT INTO `air_test` VALUES ('865', '1');
INSERT INTO `air_test` VALUES ('866', '1');
INSERT INTO `air_test` VALUES ('867', '1');
INSERT INTO `air_test` VALUES ('868', '1');
INSERT INTO `air_test` VALUES ('869', '1');
INSERT INTO `air_test` VALUES ('870', '1');
INSERT INTO `air_test` VALUES ('871', '1');
INSERT INTO `air_test` VALUES ('872', '1');
INSERT INTO `air_test` VALUES ('873', '1');
INSERT INTO `air_test` VALUES ('874', '1');
INSERT INTO `air_test` VALUES ('875', '1');
INSERT INTO `air_test` VALUES ('876', '1');
INSERT INTO `air_test` VALUES ('877', '1');
INSERT INTO `air_test` VALUES ('878', '1');
INSERT INTO `air_test` VALUES ('879', '1');
INSERT INTO `air_test` VALUES ('880', '1');
INSERT INTO `air_test` VALUES ('881', '1');
INSERT INTO `air_test` VALUES ('882', '1');
INSERT INTO `air_test` VALUES ('883', '1');
INSERT INTO `air_test` VALUES ('884', '1');
INSERT INTO `air_test` VALUES ('885', '1');
INSERT INTO `air_test` VALUES ('886', '1');
INSERT INTO `air_test` VALUES ('887', '1');
INSERT INTO `air_test` VALUES ('888', '1');
INSERT INTO `air_test` VALUES ('889', '1');
INSERT INTO `air_test` VALUES ('890', '1');
INSERT INTO `air_test` VALUES ('891', '1');
INSERT INTO `air_test` VALUES ('892', '1');
INSERT INTO `air_test` VALUES ('893', '1');
INSERT INTO `air_test` VALUES ('894', '1');
INSERT INTO `air_test` VALUES ('895', '1');
INSERT INTO `air_test` VALUES ('896', '1');
INSERT INTO `air_test` VALUES ('897', '1');
INSERT INTO `air_test` VALUES ('898', '1');
INSERT INTO `air_test` VALUES ('899', '1');
INSERT INTO `air_test` VALUES ('900', '1');
INSERT INTO `air_test` VALUES ('901', '1');
INSERT INTO `air_test` VALUES ('902', '1');
INSERT INTO `air_test` VALUES ('903', '1');
INSERT INTO `air_test` VALUES ('904', '1');
INSERT INTO `air_test` VALUES ('905', '1');
INSERT INTO `air_test` VALUES ('906', '1');
INSERT INTO `air_test` VALUES ('907', '1');
INSERT INTO `air_test` VALUES ('908', '1');
INSERT INTO `air_test` VALUES ('909', '1');
INSERT INTO `air_test` VALUES ('910', '1');
INSERT INTO `air_test` VALUES ('911', '1');
INSERT INTO `air_test` VALUES ('912', '1');
INSERT INTO `air_test` VALUES ('913', '1');
INSERT INTO `air_test` VALUES ('914', '1');
INSERT INTO `air_test` VALUES ('915', '1');
INSERT INTO `air_test` VALUES ('916', '1');
INSERT INTO `air_test` VALUES ('917', '1');
INSERT INTO `air_test` VALUES ('918', '1');
INSERT INTO `air_test` VALUES ('919', '1');
INSERT INTO `air_test` VALUES ('920', '1');
INSERT INTO `air_test` VALUES ('921', '1');
INSERT INTO `air_test` VALUES ('922', '1');
INSERT INTO `air_test` VALUES ('923', '1');
INSERT INTO `air_test` VALUES ('924', '1');
INSERT INTO `air_test` VALUES ('925', '1');
INSERT INTO `air_test` VALUES ('926', '1');
INSERT INTO `air_test` VALUES ('927', '1');
INSERT INTO `air_test` VALUES ('928', '1');
INSERT INTO `air_test` VALUES ('929', '1');
INSERT INTO `air_test` VALUES ('930', '1');
INSERT INTO `air_test` VALUES ('931', '1');
INSERT INTO `air_test` VALUES ('932', '1');
INSERT INTO `air_test` VALUES ('933', '1');
INSERT INTO `air_test` VALUES ('934', '1');
INSERT INTO `air_test` VALUES ('935', '1');
INSERT INTO `air_test` VALUES ('936', '1');
INSERT INTO `air_test` VALUES ('937', '1');
INSERT INTO `air_test` VALUES ('938', '1');
INSERT INTO `air_test` VALUES ('939', '1');
INSERT INTO `air_test` VALUES ('940', '1');
INSERT INTO `air_test` VALUES ('941', '1');
INSERT INTO `air_test` VALUES ('942', '1');
INSERT INTO `air_test` VALUES ('943', '1');
INSERT INTO `air_test` VALUES ('944', '1');
INSERT INTO `air_test` VALUES ('945', '1');
INSERT INTO `air_test` VALUES ('946', '1');
INSERT INTO `air_test` VALUES ('947', '1');
INSERT INTO `air_test` VALUES ('948', '1');
INSERT INTO `air_test` VALUES ('949', '1');
INSERT INTO `air_test` VALUES ('950', '1');
INSERT INTO `air_test` VALUES ('951', '1');
INSERT INTO `air_test` VALUES ('952', '1');
INSERT INTO `air_test` VALUES ('953', '1');
INSERT INTO `air_test` VALUES ('954', '1');
INSERT INTO `air_test` VALUES ('955', '1');
INSERT INTO `air_test` VALUES ('956', '1');
INSERT INTO `air_test` VALUES ('957', '1');
INSERT INTO `air_test` VALUES ('958', '1');
INSERT INTO `air_test` VALUES ('959', '1');
INSERT INTO `air_test` VALUES ('960', '1');
INSERT INTO `air_test` VALUES ('961', '1');
INSERT INTO `air_test` VALUES ('962', '1');
INSERT INTO `air_test` VALUES ('963', '1');
INSERT INTO `air_test` VALUES ('964', '1');
INSERT INTO `air_test` VALUES ('965', '1');
INSERT INTO `air_test` VALUES ('966', '1');
INSERT INTO `air_test` VALUES ('967', '1');
INSERT INTO `air_test` VALUES ('968', '1');
INSERT INTO `air_test` VALUES ('969', '1');
INSERT INTO `air_test` VALUES ('970', '1');
INSERT INTO `air_test` VALUES ('971', '1');
INSERT INTO `air_test` VALUES ('972', '1');
INSERT INTO `air_test` VALUES ('973', '1');
INSERT INTO `air_test` VALUES ('974', '1');
INSERT INTO `air_test` VALUES ('975', '1');
INSERT INTO `air_test` VALUES ('976', '1');
INSERT INTO `air_test` VALUES ('977', '1');
INSERT INTO `air_test` VALUES ('978', '1');
INSERT INTO `air_test` VALUES ('979', '1');
INSERT INTO `air_test` VALUES ('980', '1');
INSERT INTO `air_test` VALUES ('981', '1');
INSERT INTO `air_test` VALUES ('982', '1');
INSERT INTO `air_test` VALUES ('983', '1');
INSERT INTO `air_test` VALUES ('984', '1');
INSERT INTO `air_test` VALUES ('985', '1');
INSERT INTO `air_test` VALUES ('986', '1');
INSERT INTO `air_test` VALUES ('987', '1');
INSERT INTO `air_test` VALUES ('988', '1');
INSERT INTO `air_test` VALUES ('989', '1');
INSERT INTO `air_test` VALUES ('990', '1');
INSERT INTO `air_test` VALUES ('991', '1');
INSERT INTO `air_test` VALUES ('992', '1');
INSERT INTO `air_test` VALUES ('993', '1');
INSERT INTO `air_test` VALUES ('994', '1');
INSERT INTO `air_test` VALUES ('995', '1');
INSERT INTO `air_test` VALUES ('996', '1');
INSERT INTO `air_test` VALUES ('997', '1');
INSERT INTO `air_test` VALUES ('998', '1');
INSERT INTO `air_test` VALUES ('999', '1');
INSERT INTO `air_test` VALUES ('1000', '1');
INSERT INTO `air_test` VALUES ('1001', '1');
INSERT INTO `air_test` VALUES ('1002', '1');
INSERT INTO `air_test` VALUES ('1003', '1');
INSERT INTO `air_test` VALUES ('1004', '1');
INSERT INTO `air_test` VALUES ('1005', '1');
INSERT INTO `air_test` VALUES ('1006', '1');
INSERT INTO `air_test` VALUES ('1007', '1');
INSERT INTO `air_test` VALUES ('1008', '1');
INSERT INTO `air_test` VALUES ('1009', '1');
INSERT INTO `air_test` VALUES ('1010', '1');
INSERT INTO `air_test` VALUES ('1011', '1');
INSERT INTO `air_test` VALUES ('1012', '1');
INSERT INTO `air_test` VALUES ('1013', '1');
INSERT INTO `air_test` VALUES ('1014', '1');
INSERT INTO `air_test` VALUES ('1015', '1');
INSERT INTO `air_test` VALUES ('1016', '1');
INSERT INTO `air_test` VALUES ('1017', '1');
INSERT INTO `air_test` VALUES ('1018', '1');
INSERT INTO `air_test` VALUES ('1019', '1');
INSERT INTO `air_test` VALUES ('1020', '1');
INSERT INTO `air_test` VALUES ('1021', '1');
INSERT INTO `air_test` VALUES ('1022', '1');
INSERT INTO `air_test` VALUES ('1023', '1');
INSERT INTO `air_test` VALUES ('1024', '1');
INSERT INTO `air_test` VALUES ('1025', '1');
INSERT INTO `air_test` VALUES ('1026', '1');
INSERT INTO `air_test` VALUES ('1027', '1');
INSERT INTO `air_test` VALUES ('1028', '1');
INSERT INTO `air_test` VALUES ('1029', '1');
INSERT INTO `air_test` VALUES ('1030', '1');
INSERT INTO `air_test` VALUES ('1031', '1');
INSERT INTO `air_test` VALUES ('1032', '1');
INSERT INTO `air_test` VALUES ('1033', '1');
INSERT INTO `air_test` VALUES ('1034', '1');
INSERT INTO `air_test` VALUES ('1035', '1');
INSERT INTO `air_test` VALUES ('1036', '1');
INSERT INTO `air_test` VALUES ('1037', '1');
INSERT INTO `air_test` VALUES ('1038', '1');
INSERT INTO `air_test` VALUES ('1039', '1');
INSERT INTO `air_test` VALUES ('1040', '1');
INSERT INTO `air_test` VALUES ('1041', '1');
INSERT INTO `air_test` VALUES ('1042', '1');
INSERT INTO `air_test` VALUES ('1043', '1');
INSERT INTO `air_test` VALUES ('1044', '1');
INSERT INTO `air_test` VALUES ('1045', '1');
INSERT INTO `air_test` VALUES ('1046', '1');
INSERT INTO `air_test` VALUES ('1047', '1');
INSERT INTO `air_test` VALUES ('1048', '1');
INSERT INTO `air_test` VALUES ('1049', '1');
INSERT INTO `air_test` VALUES ('1050', '1');
INSERT INTO `air_test` VALUES ('1051', '1');
INSERT INTO `air_test` VALUES ('1052', '1');
INSERT INTO `air_test` VALUES ('1053', '1');
INSERT INTO `air_test` VALUES ('1054', '1');
INSERT INTO `air_test` VALUES ('1055', '1');
INSERT INTO `air_test` VALUES ('1056', '1');
INSERT INTO `air_test` VALUES ('1057', '1');
INSERT INTO `air_test` VALUES ('1058', '1');
INSERT INTO `air_test` VALUES ('1059', '1');
INSERT INTO `air_test` VALUES ('1060', '1');
INSERT INTO `air_test` VALUES ('1061', '1');
INSERT INTO `air_test` VALUES ('1062', '1');
INSERT INTO `air_test` VALUES ('1063', '1');
INSERT INTO `air_test` VALUES ('1064', '1');
INSERT INTO `air_test` VALUES ('1065', '1');
INSERT INTO `air_test` VALUES ('1066', '1');
INSERT INTO `air_test` VALUES ('1067', '1');
INSERT INTO `air_test` VALUES ('1068', '1');
INSERT INTO `air_test` VALUES ('1069', '1');
INSERT INTO `air_test` VALUES ('1070', '1');
INSERT INTO `air_test` VALUES ('1071', '1');
INSERT INTO `air_test` VALUES ('1072', '1');
INSERT INTO `air_test` VALUES ('1073', '1');
INSERT INTO `air_test` VALUES ('1074', '1');
INSERT INTO `air_test` VALUES ('1075', '1');
INSERT INTO `air_test` VALUES ('1076', '1');
INSERT INTO `air_test` VALUES ('1077', '1');
INSERT INTO `air_test` VALUES ('1078', '1');
INSERT INTO `air_test` VALUES ('1079', '1');
INSERT INTO `air_test` VALUES ('1080', '1');
INSERT INTO `air_test` VALUES ('1081', '1');
INSERT INTO `air_test` VALUES ('1082', '1');
INSERT INTO `air_test` VALUES ('1083', '1');
INSERT INTO `air_test` VALUES ('1084', '1');
INSERT INTO `air_test` VALUES ('1085', '1');
INSERT INTO `air_test` VALUES ('1086', '1');
INSERT INTO `air_test` VALUES ('1087', '1');
INSERT INTO `air_test` VALUES ('1088', '1');
INSERT INTO `air_test` VALUES ('1089', '1');
INSERT INTO `air_test` VALUES ('1090', '1');
INSERT INTO `air_test` VALUES ('1091', '1');
INSERT INTO `air_test` VALUES ('1092', '1');
INSERT INTO `air_test` VALUES ('1093', '1');
INSERT INTO `air_test` VALUES ('1094', '1');
INSERT INTO `air_test` VALUES ('1095', '1');
INSERT INTO `air_test` VALUES ('1096', '1');
INSERT INTO `air_test` VALUES ('1097', '1');
INSERT INTO `air_test` VALUES ('1098', '1');
INSERT INTO `air_test` VALUES ('1099', '1');
INSERT INTO `air_test` VALUES ('1100', '1');
INSERT INTO `air_test` VALUES ('1101', '1');
INSERT INTO `air_test` VALUES ('1102', '1');
INSERT INTO `air_test` VALUES ('1103', '1');
INSERT INTO `air_test` VALUES ('1104', '1');
INSERT INTO `air_test` VALUES ('1105', '1');
INSERT INTO `air_test` VALUES ('1106', '1');
INSERT INTO `air_test` VALUES ('1107', '1');
INSERT INTO `air_test` VALUES ('1108', '1');
INSERT INTO `air_test` VALUES ('1109', '1');
INSERT INTO `air_test` VALUES ('1110', '1');
INSERT INTO `air_test` VALUES ('1111', '1');
INSERT INTO `air_test` VALUES ('1112', '1');
INSERT INTO `air_test` VALUES ('1113', '1');
INSERT INTO `air_test` VALUES ('1114', '1');
INSERT INTO `air_test` VALUES ('1115', '1');
INSERT INTO `air_test` VALUES ('1116', '1');
INSERT INTO `air_test` VALUES ('1117', '1');
INSERT INTO `air_test` VALUES ('1118', '1');
INSERT INTO `air_test` VALUES ('1119', '1');
INSERT INTO `air_test` VALUES ('1120', '1');
INSERT INTO `air_test` VALUES ('1121', '1');
INSERT INTO `air_test` VALUES ('1122', '1');
INSERT INTO `air_test` VALUES ('1123', '1');
INSERT INTO `air_test` VALUES ('1124', '1');
INSERT INTO `air_test` VALUES ('1125', '1');
INSERT INTO `air_test` VALUES ('1126', '1');
INSERT INTO `air_test` VALUES ('1127', '1');
INSERT INTO `air_test` VALUES ('1128', '1');
INSERT INTO `air_test` VALUES ('1129', '1');
INSERT INTO `air_test` VALUES ('1130', '1');
INSERT INTO `air_test` VALUES ('1131', '1');
INSERT INTO `air_test` VALUES ('1132', '1');
INSERT INTO `air_test` VALUES ('1133', '1');
INSERT INTO `air_test` VALUES ('1134', '1');
INSERT INTO `air_test` VALUES ('1135', '1');
INSERT INTO `air_test` VALUES ('1136', '1');
INSERT INTO `air_test` VALUES ('1137', '1');
INSERT INTO `air_test` VALUES ('1138', '1');
INSERT INTO `air_test` VALUES ('1139', '1');
INSERT INTO `air_test` VALUES ('1140', '1');
INSERT INTO `air_test` VALUES ('1141', '1');
INSERT INTO `air_test` VALUES ('1142', '1');
INSERT INTO `air_test` VALUES ('1143', '1');
INSERT INTO `air_test` VALUES ('1144', '1');
INSERT INTO `air_test` VALUES ('1145', '1');
INSERT INTO `air_test` VALUES ('1146', '1');
INSERT INTO `air_test` VALUES ('1147', '1');
INSERT INTO `air_test` VALUES ('1148', '1');
INSERT INTO `air_test` VALUES ('1149', '1');
INSERT INTO `air_test` VALUES ('1150', '1');
INSERT INTO `air_test` VALUES ('1151', '1');
INSERT INTO `air_test` VALUES ('1152', '1');
INSERT INTO `air_test` VALUES ('1153', '1');
INSERT INTO `air_test` VALUES ('1154', '1');
INSERT INTO `air_test` VALUES ('1155', '1');
INSERT INTO `air_test` VALUES ('1156', '1');
INSERT INTO `air_test` VALUES ('1157', '1');
INSERT INTO `air_test` VALUES ('1158', '1');
INSERT INTO `air_test` VALUES ('1159', '1');
INSERT INTO `air_test` VALUES ('1160', '1');
INSERT INTO `air_test` VALUES ('1161', '1');
INSERT INTO `air_test` VALUES ('1162', '1');
INSERT INTO `air_test` VALUES ('1163', '1');
INSERT INTO `air_test` VALUES ('1164', '1');
INSERT INTO `air_test` VALUES ('1165', '1');
INSERT INTO `air_test` VALUES ('1166', '1');
INSERT INTO `air_test` VALUES ('1167', '1');
INSERT INTO `air_test` VALUES ('1168', '1');
INSERT INTO `air_test` VALUES ('1169', '1');
INSERT INTO `air_test` VALUES ('1170', '1');
INSERT INTO `air_test` VALUES ('1171', '1');
INSERT INTO `air_test` VALUES ('1172', '1');
INSERT INTO `air_test` VALUES ('1173', '1');
INSERT INTO `air_test` VALUES ('1174', '1');
INSERT INTO `air_test` VALUES ('1175', '1');
INSERT INTO `air_test` VALUES ('1176', '1');
INSERT INTO `air_test` VALUES ('1177', '1');
INSERT INTO `air_test` VALUES ('1178', '1');
INSERT INTO `air_test` VALUES ('1179', '1');
INSERT INTO `air_test` VALUES ('1180', '1');
INSERT INTO `air_test` VALUES ('1181', '1');
INSERT INTO `air_test` VALUES ('1182', '1');
INSERT INTO `air_test` VALUES ('1183', '1');
INSERT INTO `air_test` VALUES ('1184', '1');
INSERT INTO `air_test` VALUES ('1185', '1');
INSERT INTO `air_test` VALUES ('1186', '1');
INSERT INTO `air_test` VALUES ('1187', '1');
INSERT INTO `air_test` VALUES ('1188', '1');
INSERT INTO `air_test` VALUES ('1189', '1');
INSERT INTO `air_test` VALUES ('1190', '1');
INSERT INTO `air_test` VALUES ('1191', '1');
INSERT INTO `air_test` VALUES ('1192', '1');
INSERT INTO `air_test` VALUES ('1193', '1');
INSERT INTO `air_test` VALUES ('1194', '1');
INSERT INTO `air_test` VALUES ('1195', '1');
INSERT INTO `air_test` VALUES ('1196', '1');
INSERT INTO `air_test` VALUES ('1197', '1');
INSERT INTO `air_test` VALUES ('1198', '1');
INSERT INTO `air_test` VALUES ('1199', '1');
INSERT INTO `air_test` VALUES ('1200', '1');
INSERT INTO `air_test` VALUES ('1201', '1');
INSERT INTO `air_test` VALUES ('1202', '1');
INSERT INTO `air_test` VALUES ('1203', '1');
INSERT INTO `air_test` VALUES ('1204', '1');
INSERT INTO `air_test` VALUES ('1205', '1');
INSERT INTO `air_test` VALUES ('1206', '1');
INSERT INTO `air_test` VALUES ('1207', '1');
INSERT INTO `air_test` VALUES ('1208', '1');
INSERT INTO `air_test` VALUES ('1209', '1');
INSERT INTO `air_test` VALUES ('1210', '1');
INSERT INTO `air_test` VALUES ('1211', '1');
INSERT INTO `air_test` VALUES ('1212', '1');
INSERT INTO `air_test` VALUES ('1213', '1');
INSERT INTO `air_test` VALUES ('1214', '1');
INSERT INTO `air_test` VALUES ('1215', '1');
INSERT INTO `air_test` VALUES ('1216', '1');
INSERT INTO `air_test` VALUES ('1217', '1');
INSERT INTO `air_test` VALUES ('1218', '1');
INSERT INTO `air_test` VALUES ('1219', '1');
INSERT INTO `air_test` VALUES ('1220', '1');
INSERT INTO `air_test` VALUES ('1221', '1');
INSERT INTO `air_test` VALUES ('1222', '1');
INSERT INTO `air_test` VALUES ('1223', '1');
INSERT INTO `air_test` VALUES ('1224', '1');
INSERT INTO `air_test` VALUES ('1225', '1');
INSERT INTO `air_test` VALUES ('1226', '1');
INSERT INTO `air_test` VALUES ('1227', '1');
INSERT INTO `air_test` VALUES ('1228', '1');
INSERT INTO `air_test` VALUES ('1229', '1');
INSERT INTO `air_test` VALUES ('1230', '1');
INSERT INTO `air_test` VALUES ('1231', '1');
INSERT INTO `air_test` VALUES ('1232', '1');
INSERT INTO `air_test` VALUES ('1233', '1');
INSERT INTO `air_test` VALUES ('1234', '1');
INSERT INTO `air_test` VALUES ('1235', '1');
INSERT INTO `air_test` VALUES ('1236', '1');
INSERT INTO `air_test` VALUES ('1237', '1');
INSERT INTO `air_test` VALUES ('1238', '1');
INSERT INTO `air_test` VALUES ('1239', '1');
INSERT INTO `air_test` VALUES ('1240', '1');
INSERT INTO `air_test` VALUES ('1241', '1');
INSERT INTO `air_test` VALUES ('1242', '1');
INSERT INTO `air_test` VALUES ('1243', '1');
INSERT INTO `air_test` VALUES ('1244', '1');
INSERT INTO `air_test` VALUES ('1245', '1');
INSERT INTO `air_test` VALUES ('1246', '1');
INSERT INTO `air_test` VALUES ('1247', '1');
INSERT INTO `air_test` VALUES ('1248', '1');
INSERT INTO `air_test` VALUES ('1249', '1');
INSERT INTO `air_test` VALUES ('1250', '1');
INSERT INTO `air_test` VALUES ('1251', '1');
INSERT INTO `air_test` VALUES ('1252', '1');
INSERT INTO `air_test` VALUES ('1253', '1');
INSERT INTO `air_test` VALUES ('1254', '1');
INSERT INTO `air_test` VALUES ('1255', '1');
INSERT INTO `air_test` VALUES ('1256', '1');
INSERT INTO `air_test` VALUES ('1257', '1');
INSERT INTO `air_test` VALUES ('1258', '1');
INSERT INTO `air_test` VALUES ('1259', '1');
INSERT INTO `air_test` VALUES ('1260', '1');
INSERT INTO `air_test` VALUES ('1261', '1');
INSERT INTO `air_test` VALUES ('1262', '1');
INSERT INTO `air_test` VALUES ('1263', '1');
INSERT INTO `air_test` VALUES ('1264', '1');
INSERT INTO `air_test` VALUES ('1265', '1');
INSERT INTO `air_test` VALUES ('1266', '1');
INSERT INTO `air_test` VALUES ('1267', '1');
INSERT INTO `air_test` VALUES ('1268', '1');
INSERT INTO `air_test` VALUES ('1269', '1');
INSERT INTO `air_test` VALUES ('1270', '1');
INSERT INTO `air_test` VALUES ('1271', '1');
INSERT INTO `air_test` VALUES ('1272', '1');
INSERT INTO `air_test` VALUES ('1273', '1');
INSERT INTO `air_test` VALUES ('1274', '1');
INSERT INTO `air_test` VALUES ('1275', '1');
INSERT INTO `air_test` VALUES ('1276', '1');
INSERT INTO `air_test` VALUES ('1277', '1');
INSERT INTO `air_test` VALUES ('1278', '1');
INSERT INTO `air_test` VALUES ('1279', '1');
INSERT INTO `air_test` VALUES ('1280', '1');
INSERT INTO `air_test` VALUES ('1281', '1');
INSERT INTO `air_test` VALUES ('1282', '1');
INSERT INTO `air_test` VALUES ('1283', '1');
INSERT INTO `air_test` VALUES ('1284', '1');
INSERT INTO `air_test` VALUES ('1285', '1');
INSERT INTO `air_test` VALUES ('1286', '1');
INSERT INTO `air_test` VALUES ('1287', '1');
INSERT INTO `air_test` VALUES ('1288', '1');
INSERT INTO `air_test` VALUES ('1289', '1');
INSERT INTO `air_test` VALUES ('1290', '1');
INSERT INTO `air_test` VALUES ('1291', '1');
INSERT INTO `air_test` VALUES ('1292', '1');
INSERT INTO `air_test` VALUES ('1293', '1');
INSERT INTO `air_test` VALUES ('1294', '1');
INSERT INTO `air_test` VALUES ('1295', '1');
INSERT INTO `air_test` VALUES ('1296', '1');
INSERT INTO `air_test` VALUES ('1297', '1');
INSERT INTO `air_test` VALUES ('1298', '1');
INSERT INTO `air_test` VALUES ('1299', '1');
INSERT INTO `air_test` VALUES ('1300', '1');
INSERT INTO `air_test` VALUES ('1301', '1');
INSERT INTO `air_test` VALUES ('1302', '1');
INSERT INTO `air_test` VALUES ('1303', '1');
INSERT INTO `air_test` VALUES ('1304', '1');
INSERT INTO `air_test` VALUES ('1305', '1');
INSERT INTO `air_test` VALUES ('1306', '1');
INSERT INTO `air_test` VALUES ('1307', '1');
INSERT INTO `air_test` VALUES ('1308', '1');
INSERT INTO `air_test` VALUES ('1309', '1');
INSERT INTO `air_test` VALUES ('1310', '1');
INSERT INTO `air_test` VALUES ('1311', '1');
INSERT INTO `air_test` VALUES ('1312', '1');
INSERT INTO `air_test` VALUES ('1313', '1');
INSERT INTO `air_test` VALUES ('1314', '1');
INSERT INTO `air_test` VALUES ('1315', '1');
INSERT INTO `air_test` VALUES ('1316', '1');
INSERT INTO `air_test` VALUES ('1317', '1');
INSERT INTO `air_test` VALUES ('1318', '1');
INSERT INTO `air_test` VALUES ('1319', '1');
INSERT INTO `air_test` VALUES ('1320', '1');
INSERT INTO `air_test` VALUES ('1321', '1');
INSERT INTO `air_test` VALUES ('1322', '1');
INSERT INTO `air_test` VALUES ('1323', '1');
INSERT INTO `air_test` VALUES ('1324', '1');
INSERT INTO `air_test` VALUES ('1325', '1');
INSERT INTO `air_test` VALUES ('1326', '1');
INSERT INTO `air_test` VALUES ('1327', '1');
INSERT INTO `air_test` VALUES ('1328', '1');
INSERT INTO `air_test` VALUES ('1329', '1');
INSERT INTO `air_test` VALUES ('1330', '1');
INSERT INTO `air_test` VALUES ('1331', '1');
INSERT INTO `air_test` VALUES ('1332', '1');
INSERT INTO `air_test` VALUES ('1333', '1');
INSERT INTO `air_test` VALUES ('1334', '1');
INSERT INTO `air_test` VALUES ('1335', '1');
INSERT INTO `air_test` VALUES ('1336', '1');
INSERT INTO `air_test` VALUES ('1337', '1');
INSERT INTO `air_test` VALUES ('1338', '1');
INSERT INTO `air_test` VALUES ('1339', '1');
INSERT INTO `air_test` VALUES ('1340', '1');
INSERT INTO `air_test` VALUES ('1341', '1');
INSERT INTO `air_test` VALUES ('1342', '1');
INSERT INTO `air_test` VALUES ('1343', '1');
INSERT INTO `air_test` VALUES ('1344', '1');
INSERT INTO `air_test` VALUES ('1345', '1');
INSERT INTO `air_test` VALUES ('1346', '1');
INSERT INTO `air_test` VALUES ('1347', '1');
INSERT INTO `air_test` VALUES ('1348', '1');
INSERT INTO `air_test` VALUES ('1349', '1');
INSERT INTO `air_test` VALUES ('1350', '1');
INSERT INTO `air_test` VALUES ('1351', '1');
INSERT INTO `air_test` VALUES ('1352', '1');
INSERT INTO `air_test` VALUES ('1353', '1');
INSERT INTO `air_test` VALUES ('1354', '1');
INSERT INTO `air_test` VALUES ('1355', '1');
INSERT INTO `air_test` VALUES ('1356', '1');
INSERT INTO `air_test` VALUES ('1357', '1');
INSERT INTO `air_test` VALUES ('1358', '1');
INSERT INTO `air_test` VALUES ('1359', '1');
INSERT INTO `air_test` VALUES ('1360', '1');
INSERT INTO `air_test` VALUES ('1361', '1');
INSERT INTO `air_test` VALUES ('1362', '1');
INSERT INTO `air_test` VALUES ('1363', '1');
INSERT INTO `air_test` VALUES ('1364', '1');
INSERT INTO `air_test` VALUES ('1365', '1');
INSERT INTO `air_test` VALUES ('1366', '1');
INSERT INTO `air_test` VALUES ('1367', '1');
INSERT INTO `air_test` VALUES ('1368', '1');
INSERT INTO `air_test` VALUES ('1369', '1');
INSERT INTO `air_test` VALUES ('1370', '1');
INSERT INTO `air_test` VALUES ('1371', '1');
INSERT INTO `air_test` VALUES ('1372', '1');
INSERT INTO `air_test` VALUES ('1373', '1');
INSERT INTO `air_test` VALUES ('1374', '1');
INSERT INTO `air_test` VALUES ('1375', '1');
INSERT INTO `air_test` VALUES ('1376', '1');
INSERT INTO `air_test` VALUES ('1377', '1');
INSERT INTO `air_test` VALUES ('1378', '1');
INSERT INTO `air_test` VALUES ('1379', '1');
INSERT INTO `air_test` VALUES ('1380', '1');
INSERT INTO `air_test` VALUES ('1381', '1');
INSERT INTO `air_test` VALUES ('1382', '1');
INSERT INTO `air_test` VALUES ('1383', '1');
INSERT INTO `air_test` VALUES ('1384', '1');
INSERT INTO `air_test` VALUES ('1385', '1');
INSERT INTO `air_test` VALUES ('1386', '1');
INSERT INTO `air_test` VALUES ('1387', '1');
INSERT INTO `air_test` VALUES ('1388', '1');
INSERT INTO `air_test` VALUES ('1389', '1');
INSERT INTO `air_test` VALUES ('1390', '1');
INSERT INTO `air_test` VALUES ('1391', '1');
INSERT INTO `air_test` VALUES ('1392', '1');
INSERT INTO `air_test` VALUES ('1393', '1');
INSERT INTO `air_test` VALUES ('1394', '1');
INSERT INTO `air_test` VALUES ('1395', '1');
INSERT INTO `air_test` VALUES ('1396', '1');
INSERT INTO `air_test` VALUES ('1397', '1');
INSERT INTO `air_test` VALUES ('1398', '1');
INSERT INTO `air_test` VALUES ('1399', '1');
INSERT INTO `air_test` VALUES ('1400', '1');
INSERT INTO `air_test` VALUES ('1401', '1');
INSERT INTO `air_test` VALUES ('1402', '1');
INSERT INTO `air_test` VALUES ('1403', '1');
INSERT INTO `air_test` VALUES ('1404', '1');
INSERT INTO `air_test` VALUES ('1405', '1');
INSERT INTO `air_test` VALUES ('1406', '1');
INSERT INTO `air_test` VALUES ('1407', '1');
INSERT INTO `air_test` VALUES ('1408', '1');
INSERT INTO `air_test` VALUES ('1409', '1');
INSERT INTO `air_test` VALUES ('1410', '1');
INSERT INTO `air_test` VALUES ('1411', '1');
INSERT INTO `air_test` VALUES ('1412', '1');
INSERT INTO `air_test` VALUES ('1413', '1');
INSERT INTO `air_test` VALUES ('1414', '1');
INSERT INTO `air_test` VALUES ('1415', '1');
INSERT INTO `air_test` VALUES ('1416', '1');
INSERT INTO `air_test` VALUES ('1417', '1');
INSERT INTO `air_test` VALUES ('1418', '1');
INSERT INTO `air_test` VALUES ('1419', '1');
INSERT INTO `air_test` VALUES ('1420', '1');
INSERT INTO `air_test` VALUES ('1421', '1');
INSERT INTO `air_test` VALUES ('1422', '1');
INSERT INTO `air_test` VALUES ('1423', '1');
INSERT INTO `air_test` VALUES ('1424', '1');
INSERT INTO `air_test` VALUES ('1425', '1');
INSERT INTO `air_test` VALUES ('1426', '1');
INSERT INTO `air_test` VALUES ('1427', '1');
INSERT INTO `air_test` VALUES ('1428', '1');
INSERT INTO `air_test` VALUES ('1429', '1');
INSERT INTO `air_test` VALUES ('1430', '1');
INSERT INTO `air_test` VALUES ('1431', '1');
INSERT INTO `air_test` VALUES ('1432', '1');
INSERT INTO `air_test` VALUES ('1433', '1');
INSERT INTO `air_test` VALUES ('1434', '1');
INSERT INTO `air_test` VALUES ('1435', '1');
INSERT INTO `air_test` VALUES ('1436', '1');
INSERT INTO `air_test` VALUES ('1437', '1');
INSERT INTO `air_test` VALUES ('1438', '1');
INSERT INTO `air_test` VALUES ('1439', '1');
INSERT INTO `air_test` VALUES ('1440', '1');
INSERT INTO `air_test` VALUES ('1441', '1');
INSERT INTO `air_test` VALUES ('1442', '1');
INSERT INTO `air_test` VALUES ('1443', '1');
INSERT INTO `air_test` VALUES ('1444', '1');
INSERT INTO `air_test` VALUES ('1445', '1');
INSERT INTO `air_test` VALUES ('1446', '1');
INSERT INTO `air_test` VALUES ('1447', '1');
INSERT INTO `air_test` VALUES ('1448', '1');
INSERT INTO `air_test` VALUES ('1449', '1');
INSERT INTO `air_test` VALUES ('1450', '1');
INSERT INTO `air_test` VALUES ('1451', '1');
INSERT INTO `air_test` VALUES ('1452', '1');
INSERT INTO `air_test` VALUES ('1453', '1');
INSERT INTO `air_test` VALUES ('1454', '1');
INSERT INTO `air_test` VALUES ('1455', '1');
INSERT INTO `air_test` VALUES ('1456', '1');
INSERT INTO `air_test` VALUES ('1457', '1');
INSERT INTO `air_test` VALUES ('1458', '1');
INSERT INTO `air_test` VALUES ('1459', '1');
INSERT INTO `air_test` VALUES ('1460', '1');
INSERT INTO `air_test` VALUES ('1461', '1');
INSERT INTO `air_test` VALUES ('1462', '1');
INSERT INTO `air_test` VALUES ('1463', '1');
INSERT INTO `air_test` VALUES ('1464', '1');
INSERT INTO `air_test` VALUES ('1465', '1');
INSERT INTO `air_test` VALUES ('1466', '1');
INSERT INTO `air_test` VALUES ('1467', '1');
INSERT INTO `air_test` VALUES ('1468', '1');
INSERT INTO `air_test` VALUES ('1469', '1');
INSERT INTO `air_test` VALUES ('1470', '1');
INSERT INTO `air_test` VALUES ('1471', '1');
INSERT INTO `air_test` VALUES ('1472', '1');
INSERT INTO `air_test` VALUES ('1473', '1');
INSERT INTO `air_test` VALUES ('1474', '1');
INSERT INTO `air_test` VALUES ('1475', '1');
INSERT INTO `air_test` VALUES ('1476', '1');
INSERT INTO `air_test` VALUES ('1477', '1');
INSERT INTO `air_test` VALUES ('1478', '1');
INSERT INTO `air_test` VALUES ('1479', '1');
INSERT INTO `air_test` VALUES ('1480', '1');
INSERT INTO `air_test` VALUES ('1481', '1');
INSERT INTO `air_test` VALUES ('1482', '1');
INSERT INTO `air_test` VALUES ('1483', '1');
INSERT INTO `air_test` VALUES ('1484', '1');
INSERT INTO `air_test` VALUES ('1485', '1');
INSERT INTO `air_test` VALUES ('1486', '1');
INSERT INTO `air_test` VALUES ('1487', '1');
INSERT INTO `air_test` VALUES ('1488', '1');
INSERT INTO `air_test` VALUES ('1489', '1');
INSERT INTO `air_test` VALUES ('1490', '1');
INSERT INTO `air_test` VALUES ('1491', '1');
INSERT INTO `air_test` VALUES ('1492', '1');
INSERT INTO `air_test` VALUES ('1493', '1');
INSERT INTO `air_test` VALUES ('1494', '1');
INSERT INTO `air_test` VALUES ('1495', '1');
INSERT INTO `air_test` VALUES ('1496', '1');
INSERT INTO `air_test` VALUES ('1497', '1');
INSERT INTO `air_test` VALUES ('1498', '1');
INSERT INTO `air_test` VALUES ('1499', '1');
INSERT INTO `air_test` VALUES ('1500', '1');
INSERT INTO `air_test` VALUES ('1501', '1');
INSERT INTO `air_test` VALUES ('1502', '1');
INSERT INTO `air_test` VALUES ('1503', '1');
INSERT INTO `air_test` VALUES ('1504', '1');
INSERT INTO `air_test` VALUES ('1505', '1');
INSERT INTO `air_test` VALUES ('1506', '1');
INSERT INTO `air_test` VALUES ('1507', '1');
INSERT INTO `air_test` VALUES ('1508', '1');
INSERT INTO `air_test` VALUES ('1509', '1');
INSERT INTO `air_test` VALUES ('1510', '1');
INSERT INTO `air_test` VALUES ('1511', '1');
INSERT INTO `air_test` VALUES ('1512', '1');
INSERT INTO `air_test` VALUES ('1513', '1');
INSERT INTO `air_test` VALUES ('1514', '1');
INSERT INTO `air_test` VALUES ('1515', '1');
INSERT INTO `air_test` VALUES ('1516', '1');
INSERT INTO `air_test` VALUES ('1517', '1');
INSERT INTO `air_test` VALUES ('1518', '1');
INSERT INTO `air_test` VALUES ('1519', '1');
INSERT INTO `air_test` VALUES ('1520', '1');
INSERT INTO `air_test` VALUES ('1521', '1');
INSERT INTO `air_test` VALUES ('1522', '1');
INSERT INTO `air_test` VALUES ('1523', '1');
INSERT INTO `air_test` VALUES ('1524', '1');
INSERT INTO `air_test` VALUES ('1525', '1');
INSERT INTO `air_test` VALUES ('1526', '1');
INSERT INTO `air_test` VALUES ('1527', '1');
INSERT INTO `air_test` VALUES ('1528', '1');
INSERT INTO `air_test` VALUES ('1529', '1');
INSERT INTO `air_test` VALUES ('1530', '1');
INSERT INTO `air_test` VALUES ('1531', '1');
INSERT INTO `air_test` VALUES ('1532', '1');
INSERT INTO `air_test` VALUES ('1533', '1');
INSERT INTO `air_test` VALUES ('1534', '1');
INSERT INTO `air_test` VALUES ('1535', '1');
INSERT INTO `air_test` VALUES ('1536', '1');
INSERT INTO `air_test` VALUES ('1537', '1');
INSERT INTO `air_test` VALUES ('1538', '1');
INSERT INTO `air_test` VALUES ('1539', '1');
INSERT INTO `air_test` VALUES ('1540', '1');
INSERT INTO `air_test` VALUES ('1541', '1');
INSERT INTO `air_test` VALUES ('1542', '1');
INSERT INTO `air_test` VALUES ('1543', '1');
INSERT INTO `air_test` VALUES ('1544', '1');
INSERT INTO `air_test` VALUES ('1545', '1');
INSERT INTO `air_test` VALUES ('1546', '1');
INSERT INTO `air_test` VALUES ('1547', '1');
INSERT INTO `air_test` VALUES ('1548', '1');
INSERT INTO `air_test` VALUES ('1549', '1');
INSERT INTO `air_test` VALUES ('1550', '1');
INSERT INTO `air_test` VALUES ('1551', '1');
INSERT INTO `air_test` VALUES ('1552', '1');
INSERT INTO `air_test` VALUES ('1553', '1');
INSERT INTO `air_test` VALUES ('1554', '1');
INSERT INTO `air_test` VALUES ('1555', '1');
INSERT INTO `air_test` VALUES ('1556', '1');
INSERT INTO `air_test` VALUES ('1557', '1');
INSERT INTO `air_test` VALUES ('1558', '1');
INSERT INTO `air_test` VALUES ('1559', '1');
INSERT INTO `air_test` VALUES ('1560', '1');
INSERT INTO `air_test` VALUES ('1561', '1');
INSERT INTO `air_test` VALUES ('1562', '1');
INSERT INTO `air_test` VALUES ('1563', '1');
INSERT INTO `air_test` VALUES ('1564', '1');
INSERT INTO `air_test` VALUES ('1565', '1');
INSERT INTO `air_test` VALUES ('1566', '1');
INSERT INTO `air_test` VALUES ('1567', '1');
INSERT INTO `air_test` VALUES ('1568', '1');
INSERT INTO `air_test` VALUES ('1569', '1');
INSERT INTO `air_test` VALUES ('1570', '1');
INSERT INTO `air_test` VALUES ('1571', '1');
INSERT INTO `air_test` VALUES ('1572', '1');
INSERT INTO `air_test` VALUES ('1573', '1');
INSERT INTO `air_test` VALUES ('1574', '1');
INSERT INTO `air_test` VALUES ('1575', '1');
INSERT INTO `air_test` VALUES ('1576', '1');
INSERT INTO `air_test` VALUES ('1577', '1');
INSERT INTO `air_test` VALUES ('1578', '1');
INSERT INTO `air_test` VALUES ('1579', '1');
INSERT INTO `air_test` VALUES ('1580', '1');
INSERT INTO `air_test` VALUES ('1581', '1');
INSERT INTO `air_test` VALUES ('1582', '1');
INSERT INTO `air_test` VALUES ('1583', '1');
INSERT INTO `air_test` VALUES ('1584', '1');
INSERT INTO `air_test` VALUES ('1585', '1');
INSERT INTO `air_test` VALUES ('1586', '1');
INSERT INTO `air_test` VALUES ('1587', '1');
INSERT INTO `air_test` VALUES ('1588', '1');
INSERT INTO `air_test` VALUES ('1589', '1');
INSERT INTO `air_test` VALUES ('1590', '1');
INSERT INTO `air_test` VALUES ('1591', '1');
INSERT INTO `air_test` VALUES ('1592', '1');
INSERT INTO `air_test` VALUES ('1593', '1');
INSERT INTO `air_test` VALUES ('1594', '1');
INSERT INTO `air_test` VALUES ('1595', '1');
INSERT INTO `air_test` VALUES ('1596', '1');
INSERT INTO `air_test` VALUES ('1597', '1');
INSERT INTO `air_test` VALUES ('1598', '1');
INSERT INTO `air_test` VALUES ('1599', '1');
INSERT INTO `air_test` VALUES ('1600', '1');
INSERT INTO `air_test` VALUES ('1601', '1');
INSERT INTO `air_test` VALUES ('1602', '1');
INSERT INTO `air_test` VALUES ('1603', '1');
INSERT INTO `air_test` VALUES ('1604', '1');
INSERT INTO `air_test` VALUES ('1605', '1');
INSERT INTO `air_test` VALUES ('1606', '1');
INSERT INTO `air_test` VALUES ('1607', '1');
INSERT INTO `air_test` VALUES ('1608', '1');
INSERT INTO `air_test` VALUES ('1609', '1');
INSERT INTO `air_test` VALUES ('1610', '1');
INSERT INTO `air_test` VALUES ('1611', '1');
INSERT INTO `air_test` VALUES ('1612', '1');
INSERT INTO `air_test` VALUES ('1613', '1');
INSERT INTO `air_test` VALUES ('1614', '1');
INSERT INTO `air_test` VALUES ('1615', '1');
INSERT INTO `air_test` VALUES ('1616', '1');
INSERT INTO `air_test` VALUES ('1617', '1');
INSERT INTO `air_test` VALUES ('1618', '1');
INSERT INTO `air_test` VALUES ('1619', '1');
INSERT INTO `air_test` VALUES ('1620', '1');
INSERT INTO `air_test` VALUES ('1621', '1');
INSERT INTO `air_test` VALUES ('1622', '1');
INSERT INTO `air_test` VALUES ('1623', '1');
INSERT INTO `air_test` VALUES ('1624', '1');
INSERT INTO `air_test` VALUES ('1625', '1');
INSERT INTO `air_test` VALUES ('1626', '1');
INSERT INTO `air_test` VALUES ('1627', '1');
INSERT INTO `air_test` VALUES ('1628', '1');
INSERT INTO `air_test` VALUES ('1629', '1');
INSERT INTO `air_test` VALUES ('1630', '1');
INSERT INTO `air_test` VALUES ('1631', '1');
INSERT INTO `air_test` VALUES ('1632', '1');
INSERT INTO `air_test` VALUES ('1633', '1');
INSERT INTO `air_test` VALUES ('1634', '1');
INSERT INTO `air_test` VALUES ('1635', '1');
INSERT INTO `air_test` VALUES ('1636', '1');
INSERT INTO `air_test` VALUES ('1637', '1');
INSERT INTO `air_test` VALUES ('1638', '1');
INSERT INTO `air_test` VALUES ('1639', '1');
INSERT INTO `air_test` VALUES ('1640', '1');
INSERT INTO `air_test` VALUES ('1641', '1');
INSERT INTO `air_test` VALUES ('1642', '1');
INSERT INTO `air_test` VALUES ('1643', '1');
INSERT INTO `air_test` VALUES ('1644', '1');
INSERT INTO `air_test` VALUES ('1645', '1');
INSERT INTO `air_test` VALUES ('1646', '1');
INSERT INTO `air_test` VALUES ('1647', '1');
INSERT INTO `air_test` VALUES ('1648', '1');
INSERT INTO `air_test` VALUES ('1649', '1');
INSERT INTO `air_test` VALUES ('1650', '1');
INSERT INTO `air_test` VALUES ('1651', '1');
INSERT INTO `air_test` VALUES ('1652', '1');
INSERT INTO `air_test` VALUES ('1653', '1');
INSERT INTO `air_test` VALUES ('1654', '1');
INSERT INTO `air_test` VALUES ('1655', '1');
INSERT INTO `air_test` VALUES ('1656', '1');
INSERT INTO `air_test` VALUES ('1657', '1');
INSERT INTO `air_test` VALUES ('1658', '1');
INSERT INTO `air_test` VALUES ('1659', '1');
INSERT INTO `air_test` VALUES ('1660', '1');
INSERT INTO `air_test` VALUES ('1661', '1');
INSERT INTO `air_test` VALUES ('1662', '1');
INSERT INTO `air_test` VALUES ('1663', '1');
INSERT INTO `air_test` VALUES ('1664', '1');
INSERT INTO `air_test` VALUES ('1665', '1');
INSERT INTO `air_test` VALUES ('1666', '1');
INSERT INTO `air_test` VALUES ('1667', '1');
INSERT INTO `air_test` VALUES ('1668', '1');
INSERT INTO `air_test` VALUES ('1669', '1');
INSERT INTO `air_test` VALUES ('1670', '1');
INSERT INTO `air_test` VALUES ('1671', '1');
INSERT INTO `air_test` VALUES ('1672', '1');
INSERT INTO `air_test` VALUES ('1673', '1');
INSERT INTO `air_test` VALUES ('1674', '1');
INSERT INTO `air_test` VALUES ('1675', '1');
INSERT INTO `air_test` VALUES ('1676', '1');
INSERT INTO `air_test` VALUES ('1677', '1');
INSERT INTO `air_test` VALUES ('1678', '1');
INSERT INTO `air_test` VALUES ('1679', '1');
INSERT INTO `air_test` VALUES ('1680', '1');
INSERT INTO `air_test` VALUES ('1681', '1');
INSERT INTO `air_test` VALUES ('1682', '1');
INSERT INTO `air_test` VALUES ('1683', '1');
INSERT INTO `air_test` VALUES ('1684', '1');
INSERT INTO `air_test` VALUES ('1685', '1');
INSERT INTO `air_test` VALUES ('1686', '1');
INSERT INTO `air_test` VALUES ('1687', '1');
INSERT INTO `air_test` VALUES ('1688', '1');
INSERT INTO `air_test` VALUES ('1689', '1');
INSERT INTO `air_test` VALUES ('1690', '1');
INSERT INTO `air_test` VALUES ('1691', '1');
INSERT INTO `air_test` VALUES ('1692', '1');
INSERT INTO `air_test` VALUES ('1693', '1');
INSERT INTO `air_test` VALUES ('1694', '1');
INSERT INTO `air_test` VALUES ('1695', '1');
INSERT INTO `air_test` VALUES ('1696', '1');
INSERT INTO `air_test` VALUES ('1697', '1');
INSERT INTO `air_test` VALUES ('1698', '1');
INSERT INTO `air_test` VALUES ('1699', '1');
INSERT INTO `air_test` VALUES ('1700', '1');
INSERT INTO `air_test` VALUES ('1701', '1');
INSERT INTO `air_test` VALUES ('1702', '1');
INSERT INTO `air_test` VALUES ('1703', '1');
INSERT INTO `air_test` VALUES ('1704', '1');
INSERT INTO `air_test` VALUES ('1705', '1');
INSERT INTO `air_test` VALUES ('1706', '1');
INSERT INTO `air_test` VALUES ('1707', '1');
INSERT INTO `air_test` VALUES ('1708', '1');
INSERT INTO `air_test` VALUES ('1709', '1');
INSERT INTO `air_test` VALUES ('1710', '1');
INSERT INTO `air_test` VALUES ('1711', '1');
INSERT INTO `air_test` VALUES ('1712', '1');
INSERT INTO `air_test` VALUES ('1713', '1');
INSERT INTO `air_test` VALUES ('1714', '1');
INSERT INTO `air_test` VALUES ('1715', '1');
INSERT INTO `air_test` VALUES ('1716', '1');
INSERT INTO `air_test` VALUES ('1717', '1');
INSERT INTO `air_test` VALUES ('1718', '1');
INSERT INTO `air_test` VALUES ('1719', '1');
INSERT INTO `air_test` VALUES ('1720', '1');
INSERT INTO `air_test` VALUES ('1721', '1');
INSERT INTO `air_test` VALUES ('1722', '1');
INSERT INTO `air_test` VALUES ('1723', '1');
INSERT INTO `air_test` VALUES ('1724', '1');
INSERT INTO `air_test` VALUES ('1725', '1');
INSERT INTO `air_test` VALUES ('1726', '1');
INSERT INTO `air_test` VALUES ('1727', '1');
INSERT INTO `air_test` VALUES ('1728', '1');
INSERT INTO `air_test` VALUES ('1729', '1');
INSERT INTO `air_test` VALUES ('1730', '1');
INSERT INTO `air_test` VALUES ('1731', '1');
INSERT INTO `air_test` VALUES ('1732', '1');
INSERT INTO `air_test` VALUES ('1733', '1');
INSERT INTO `air_test` VALUES ('1734', '1');
INSERT INTO `air_test` VALUES ('1735', '1');
INSERT INTO `air_test` VALUES ('1736', '1');
INSERT INTO `air_test` VALUES ('1737', '1');
INSERT INTO `air_test` VALUES ('1738', '1');
INSERT INTO `air_test` VALUES ('1739', '1');
INSERT INTO `air_test` VALUES ('1740', '1');
INSERT INTO `air_test` VALUES ('1741', '1');
INSERT INTO `air_test` VALUES ('1742', '1');
INSERT INTO `air_test` VALUES ('1743', '1');
INSERT INTO `air_test` VALUES ('1744', '1');
INSERT INTO `air_test` VALUES ('1745', '1');
INSERT INTO `air_test` VALUES ('1746', '1');
INSERT INTO `air_test` VALUES ('1747', '1');
INSERT INTO `air_test` VALUES ('1748', '1');
INSERT INTO `air_test` VALUES ('1749', '1');
INSERT INTO `air_test` VALUES ('1750', '1');
INSERT INTO `air_test` VALUES ('1751', '1');
INSERT INTO `air_test` VALUES ('1752', '1');
INSERT INTO `air_test` VALUES ('1753', '1');
INSERT INTO `air_test` VALUES ('1754', '1');
INSERT INTO `air_test` VALUES ('1755', '1');
INSERT INTO `air_test` VALUES ('1756', '1');
INSERT INTO `air_test` VALUES ('1757', '1');
INSERT INTO `air_test` VALUES ('1758', '1');
INSERT INTO `air_test` VALUES ('1759', '1');
INSERT INTO `air_test` VALUES ('1760', '1');
INSERT INTO `air_test` VALUES ('1761', '1');
INSERT INTO `air_test` VALUES ('1762', '1');
INSERT INTO `air_test` VALUES ('1763', '1');
INSERT INTO `air_test` VALUES ('1764', '1');
INSERT INTO `air_test` VALUES ('1765', '1');
INSERT INTO `air_test` VALUES ('1766', '1');
INSERT INTO `air_test` VALUES ('1767', '1');
INSERT INTO `air_test` VALUES ('1768', '1');
INSERT INTO `air_test` VALUES ('1769', '1');
INSERT INTO `air_test` VALUES ('1770', '1');
INSERT INTO `air_test` VALUES ('1771', '1');
INSERT INTO `air_test` VALUES ('1772', '1');
INSERT INTO `air_test` VALUES ('1773', '1');
INSERT INTO `air_test` VALUES ('1774', '1');
INSERT INTO `air_test` VALUES ('1775', '1');
INSERT INTO `air_test` VALUES ('1776', '1');
INSERT INTO `air_test` VALUES ('1777', '1');
INSERT INTO `air_test` VALUES ('1778', '1');
INSERT INTO `air_test` VALUES ('1779', '1');
INSERT INTO `air_test` VALUES ('1780', '1');
INSERT INTO `air_test` VALUES ('1781', '1');
INSERT INTO `air_test` VALUES ('1782', '1');
INSERT INTO `air_test` VALUES ('1783', '1');
INSERT INTO `air_test` VALUES ('1784', '1');
INSERT INTO `air_test` VALUES ('1785', '1');
INSERT INTO `air_test` VALUES ('1786', '1');
INSERT INTO `air_test` VALUES ('1787', '1');
INSERT INTO `air_test` VALUES ('1788', '1');
INSERT INTO `air_test` VALUES ('1789', '1');
INSERT INTO `air_test` VALUES ('1790', '1');
INSERT INTO `air_test` VALUES ('1791', '1');
INSERT INTO `air_test` VALUES ('1792', '1');
INSERT INTO `air_test` VALUES ('1793', '1');
INSERT INTO `air_test` VALUES ('1794', '1');
INSERT INTO `air_test` VALUES ('1795', '1');
INSERT INTO `air_test` VALUES ('1796', '1');
INSERT INTO `air_test` VALUES ('1797', '1');
INSERT INTO `air_test` VALUES ('1798', '1');
INSERT INTO `air_test` VALUES ('1799', '1');
INSERT INTO `air_test` VALUES ('1800', '1');
INSERT INTO `air_test` VALUES ('1801', '1');
INSERT INTO `air_test` VALUES ('1802', '1');
INSERT INTO `air_test` VALUES ('1803', '1');
INSERT INTO `air_test` VALUES ('1804', '1');
INSERT INTO `air_test` VALUES ('1805', '1');
INSERT INTO `air_test` VALUES ('1806', '1');
INSERT INTO `air_test` VALUES ('1807', '1');
INSERT INTO `air_test` VALUES ('1808', '1');
INSERT INTO `air_test` VALUES ('1809', '1');
INSERT INTO `air_test` VALUES ('1810', '1');
INSERT INTO `air_test` VALUES ('1811', '1');
INSERT INTO `air_test` VALUES ('1812', '1');
INSERT INTO `air_test` VALUES ('1813', '1');
INSERT INTO `air_test` VALUES ('1814', '1');
INSERT INTO `air_test` VALUES ('1815', '1');
INSERT INTO `air_test` VALUES ('1816', '1');
INSERT INTO `air_test` VALUES ('1817', '1');
INSERT INTO `air_test` VALUES ('1818', '1');
INSERT INTO `air_test` VALUES ('1819', '1');
INSERT INTO `air_test` VALUES ('1820', '1');
INSERT INTO `air_test` VALUES ('1821', '1');
INSERT INTO `air_test` VALUES ('1822', '1');
INSERT INTO `air_test` VALUES ('1823', '1');
INSERT INTO `air_test` VALUES ('1824', '1');
INSERT INTO `air_test` VALUES ('1825', '1');
INSERT INTO `air_test` VALUES ('1826', '1');
INSERT INTO `air_test` VALUES ('1827', '1');
INSERT INTO `air_test` VALUES ('1828', '1');
INSERT INTO `air_test` VALUES ('1829', '1');
INSERT INTO `air_test` VALUES ('1830', '1');
INSERT INTO `air_test` VALUES ('1831', '1');
INSERT INTO `air_test` VALUES ('1832', '1');
INSERT INTO `air_test` VALUES ('1833', '1');
INSERT INTO `air_test` VALUES ('1834', '1');
INSERT INTO `air_test` VALUES ('1835', '1');
INSERT INTO `air_test` VALUES ('1836', '1');
INSERT INTO `air_test` VALUES ('1837', '1');
INSERT INTO `air_test` VALUES ('1838', '1');
INSERT INTO `air_test` VALUES ('1839', '1');
INSERT INTO `air_test` VALUES ('1840', '1');
INSERT INTO `air_test` VALUES ('1841', '1');
INSERT INTO `air_test` VALUES ('1842', '1');
INSERT INTO `air_test` VALUES ('1843', '1');
INSERT INTO `air_test` VALUES ('1844', '1');
INSERT INTO `air_test` VALUES ('1845', '1');
INSERT INTO `air_test` VALUES ('1846', '1');
INSERT INTO `air_test` VALUES ('1847', '1');
INSERT INTO `air_test` VALUES ('1848', '1');
INSERT INTO `air_test` VALUES ('1849', '1');
INSERT INTO `air_test` VALUES ('1850', '1');
INSERT INTO `air_test` VALUES ('1851', '1');
INSERT INTO `air_test` VALUES ('1852', '1');
INSERT INTO `air_test` VALUES ('1853', '1');
INSERT INTO `air_test` VALUES ('1854', '1');
INSERT INTO `air_test` VALUES ('1855', '1');
INSERT INTO `air_test` VALUES ('1856', '1');
INSERT INTO `air_test` VALUES ('1857', '1');
INSERT INTO `air_test` VALUES ('1858', '1');
INSERT INTO `air_test` VALUES ('1859', '1');
INSERT INTO `air_test` VALUES ('1860', '1');
INSERT INTO `air_test` VALUES ('1861', '1');
INSERT INTO `air_test` VALUES ('1862', '1');
INSERT INTO `air_test` VALUES ('1863', '1');
INSERT INTO `air_test` VALUES ('1864', '1');
INSERT INTO `air_test` VALUES ('1865', '1');
INSERT INTO `air_test` VALUES ('1866', '1');
INSERT INTO `air_test` VALUES ('1867', '1');
INSERT INTO `air_test` VALUES ('1868', '1');
INSERT INTO `air_test` VALUES ('1869', '1');
INSERT INTO `air_test` VALUES ('1870', '1');
INSERT INTO `air_test` VALUES ('1871', '1');
INSERT INTO `air_test` VALUES ('1872', '1');
INSERT INTO `air_test` VALUES ('1873', '1');
INSERT INTO `air_test` VALUES ('1874', '1');
INSERT INTO `air_test` VALUES ('1875', '1');
INSERT INTO `air_test` VALUES ('1876', '1');
INSERT INTO `air_test` VALUES ('1877', '1');
INSERT INTO `air_test` VALUES ('1878', '1');
INSERT INTO `air_test` VALUES ('1879', '1');
INSERT INTO `air_test` VALUES ('1880', '1');
INSERT INTO `air_test` VALUES ('1881', '1');
INSERT INTO `air_test` VALUES ('1882', '1');
INSERT INTO `air_test` VALUES ('1883', '1');
INSERT INTO `air_test` VALUES ('1884', '1');
INSERT INTO `air_test` VALUES ('1885', '1');
INSERT INTO `air_test` VALUES ('1886', '1');
INSERT INTO `air_test` VALUES ('1887', '1');
INSERT INTO `air_test` VALUES ('1888', '1');
INSERT INTO `air_test` VALUES ('1889', '1');
INSERT INTO `air_test` VALUES ('1890', '1');
INSERT INTO `air_test` VALUES ('1891', '1');
INSERT INTO `air_test` VALUES ('1892', '1');
INSERT INTO `air_test` VALUES ('1893', '1');
INSERT INTO `air_test` VALUES ('1894', '1');
INSERT INTO `air_test` VALUES ('1895', '1');
INSERT INTO `air_test` VALUES ('1896', '1');
INSERT INTO `air_test` VALUES ('1897', '1');
INSERT INTO `air_test` VALUES ('1898', '1');
INSERT INTO `air_test` VALUES ('1899', '1');
INSERT INTO `air_test` VALUES ('1900', '1');
INSERT INTO `air_test` VALUES ('1901', '1');
INSERT INTO `air_test` VALUES ('1902', '1');
INSERT INTO `air_test` VALUES ('1903', '1');
INSERT INTO `air_test` VALUES ('1904', '1');
INSERT INTO `air_test` VALUES ('1905', '1');
INSERT INTO `air_test` VALUES ('1906', '1');
INSERT INTO `air_test` VALUES ('1907', '1');
INSERT INTO `air_test` VALUES ('1908', '1');
INSERT INTO `air_test` VALUES ('1909', '1');
INSERT INTO `air_test` VALUES ('1910', '1');
INSERT INTO `air_test` VALUES ('1911', '1');
INSERT INTO `air_test` VALUES ('1912', '1');
INSERT INTO `air_test` VALUES ('1913', '1');
INSERT INTO `air_test` VALUES ('1914', '1');
INSERT INTO `air_test` VALUES ('1915', '1');
INSERT INTO `air_test` VALUES ('1916', '1');
INSERT INTO `air_test` VALUES ('1917', '1');
INSERT INTO `air_test` VALUES ('1918', '1');
INSERT INTO `air_test` VALUES ('1919', '1');
INSERT INTO `air_test` VALUES ('1920', '1');
INSERT INTO `air_test` VALUES ('1921', '1');
INSERT INTO `air_test` VALUES ('1922', '1');
INSERT INTO `air_test` VALUES ('1923', '1');
INSERT INTO `air_test` VALUES ('1924', '1');
INSERT INTO `air_test` VALUES ('1925', '1');
INSERT INTO `air_test` VALUES ('1926', '1');
INSERT INTO `air_test` VALUES ('1927', '1');
INSERT INTO `air_test` VALUES ('1928', '1');
INSERT INTO `air_test` VALUES ('1929', '1');
INSERT INTO `air_test` VALUES ('1930', '1');
INSERT INTO `air_test` VALUES ('1931', '1');
INSERT INTO `air_test` VALUES ('1932', '1');
INSERT INTO `air_test` VALUES ('1933', '1');
INSERT INTO `air_test` VALUES ('1934', '1');
INSERT INTO `air_test` VALUES ('1935', '1');
INSERT INTO `air_test` VALUES ('1936', '1');
INSERT INTO `air_test` VALUES ('1937', '1');
INSERT INTO `air_test` VALUES ('1938', '1');
INSERT INTO `air_test` VALUES ('1939', '1');
INSERT INTO `air_test` VALUES ('1940', '1');
INSERT INTO `air_test` VALUES ('1941', '1');
INSERT INTO `air_test` VALUES ('1942', '1');
INSERT INTO `air_test` VALUES ('1943', '1');
INSERT INTO `air_test` VALUES ('1944', '1');
INSERT INTO `air_test` VALUES ('1945', '1');
INSERT INTO `air_test` VALUES ('1946', '1');
INSERT INTO `air_test` VALUES ('1947', '1');
INSERT INTO `air_test` VALUES ('1948', '1');
INSERT INTO `air_test` VALUES ('1949', '1');
INSERT INTO `air_test` VALUES ('1950', '1');
INSERT INTO `air_test` VALUES ('1951', '1');
INSERT INTO `air_test` VALUES ('1952', '1');
INSERT INTO `air_test` VALUES ('1953', '1');
INSERT INTO `air_test` VALUES ('1954', '1');
INSERT INTO `air_test` VALUES ('1955', '1');
INSERT INTO `air_test` VALUES ('1956', '1');
INSERT INTO `air_test` VALUES ('1957', '1');
INSERT INTO `air_test` VALUES ('1958', '1');
INSERT INTO `air_test` VALUES ('1959', '1');
INSERT INTO `air_test` VALUES ('1960', '1');
INSERT INTO `air_test` VALUES ('1961', '1');
INSERT INTO `air_test` VALUES ('1962', '1');
INSERT INTO `air_test` VALUES ('1963', '1');
INSERT INTO `air_test` VALUES ('1964', '1');
INSERT INTO `air_test` VALUES ('1965', '1');
INSERT INTO `air_test` VALUES ('1966', '1');
INSERT INTO `air_test` VALUES ('1967', '1');
INSERT INTO `air_test` VALUES ('1968', '1');
INSERT INTO `air_test` VALUES ('1969', '1');
INSERT INTO `air_test` VALUES ('1970', '1');
INSERT INTO `air_test` VALUES ('1971', '1');
INSERT INTO `air_test` VALUES ('1972', '1');
INSERT INTO `air_test` VALUES ('1973', '1');
INSERT INTO `air_test` VALUES ('1974', '1');
INSERT INTO `air_test` VALUES ('1975', '1');
INSERT INTO `air_test` VALUES ('1976', '1');
INSERT INTO `air_test` VALUES ('1977', '1');
INSERT INTO `air_test` VALUES ('1978', '1');
INSERT INTO `air_test` VALUES ('1979', '1');
INSERT INTO `air_test` VALUES ('1980', '1');
INSERT INTO `air_test` VALUES ('1981', '1');
INSERT INTO `air_test` VALUES ('1982', '1');
INSERT INTO `air_test` VALUES ('1983', '1');
INSERT INTO `air_test` VALUES ('1984', '1');
INSERT INTO `air_test` VALUES ('1985', '1');
INSERT INTO `air_test` VALUES ('1986', '1');
INSERT INTO `air_test` VALUES ('1987', '1');
INSERT INTO `air_test` VALUES ('1988', '1');
INSERT INTO `air_test` VALUES ('1989', '1');
INSERT INTO `air_test` VALUES ('1990', '1');
INSERT INTO `air_test` VALUES ('1991', '1');
INSERT INTO `air_test` VALUES ('1992', '1');
INSERT INTO `air_test` VALUES ('1993', '1');
INSERT INTO `air_test` VALUES ('1994', '1');
INSERT INTO `air_test` VALUES ('1995', '1');
INSERT INTO `air_test` VALUES ('1996', '1');
INSERT INTO `air_test` VALUES ('1997', '1');
INSERT INTO `air_test` VALUES ('1998', '1');
INSERT INTO `air_test` VALUES ('1999', '1');
INSERT INTO `air_test` VALUES ('2000', '1');
INSERT INTO `air_test` VALUES ('2001', '1');
INSERT INTO `air_test` VALUES ('2002', '1');
INSERT INTO `air_test` VALUES ('2003', '1');
INSERT INTO `air_test` VALUES ('2004', '1');
INSERT INTO `air_test` VALUES ('2005', '1');
INSERT INTO `air_test` VALUES ('2006', '1');
INSERT INTO `air_test` VALUES ('2007', '1');
INSERT INTO `air_test` VALUES ('2008', '1');
INSERT INTO `air_test` VALUES ('2009', '1');
INSERT INTO `air_test` VALUES ('2010', '1');
INSERT INTO `air_test` VALUES ('2011', '1');
INSERT INTO `air_test` VALUES ('2012', '1');
INSERT INTO `air_test` VALUES ('2013', '1');
INSERT INTO `air_test` VALUES ('2014', '1');
INSERT INTO `air_test` VALUES ('2015', '1');
INSERT INTO `air_test` VALUES ('2016', '1');
INSERT INTO `air_test` VALUES ('2017', '1');
INSERT INTO `air_test` VALUES ('2018', '1');
INSERT INTO `air_test` VALUES ('2019', '1');
INSERT INTO `air_test` VALUES ('2020', '1');
INSERT INTO `air_test` VALUES ('2021', '1');
INSERT INTO `air_test` VALUES ('2022', '1');
INSERT INTO `air_test` VALUES ('2023', '1');
INSERT INTO `air_test` VALUES ('2024', '1');
INSERT INTO `air_test` VALUES ('2025', '1');
INSERT INTO `air_test` VALUES ('2026', '1');
INSERT INTO `air_test` VALUES ('2027', '1');
INSERT INTO `air_test` VALUES ('2028', '1');
INSERT INTO `air_test` VALUES ('2029', '1');
INSERT INTO `air_test` VALUES ('2030', '1');
INSERT INTO `air_test` VALUES ('2031', '1');
INSERT INTO `air_test` VALUES ('2032', '1');
INSERT INTO `air_test` VALUES ('2033', '1');
INSERT INTO `air_test` VALUES ('2034', '1');
INSERT INTO `air_test` VALUES ('2035', '1');
INSERT INTO `air_test` VALUES ('2036', '1');
INSERT INTO `air_test` VALUES ('2037', '1');
INSERT INTO `air_test` VALUES ('2038', '1');
INSERT INTO `air_test` VALUES ('2039', '1');
INSERT INTO `air_test` VALUES ('2040', '1');
INSERT INTO `air_test` VALUES ('2041', '1');
INSERT INTO `air_test` VALUES ('2042', '1');
INSERT INTO `air_test` VALUES ('2043', '1');
INSERT INTO `air_test` VALUES ('2044', '1');
INSERT INTO `air_test` VALUES ('2045', '1');
INSERT INTO `air_test` VALUES ('2046', '1');
INSERT INTO `air_test` VALUES ('2047', '1');
INSERT INTO `air_test` VALUES ('2048', '1');
INSERT INTO `air_test` VALUES ('2049', '1');
INSERT INTO `air_test` VALUES ('2050', '1');
INSERT INTO `air_test` VALUES ('2051', '1');
INSERT INTO `air_test` VALUES ('2052', '1');
INSERT INTO `air_test` VALUES ('2053', '1');
INSERT INTO `air_test` VALUES ('2054', '1');
INSERT INTO `air_test` VALUES ('2055', '1');
INSERT INTO `air_test` VALUES ('2056', '1');
INSERT INTO `air_test` VALUES ('2057', '1');
INSERT INTO `air_test` VALUES ('2058', '1');
INSERT INTO `air_test` VALUES ('2059', '1');
INSERT INTO `air_test` VALUES ('2060', '1');
INSERT INTO `air_test` VALUES ('2061', '1');
INSERT INTO `air_test` VALUES ('2062', '1');
INSERT INTO `air_test` VALUES ('2063', '1');
INSERT INTO `air_test` VALUES ('2064', '1');
INSERT INTO `air_test` VALUES ('2065', '1');
INSERT INTO `air_test` VALUES ('2066', '1');
INSERT INTO `air_test` VALUES ('2067', '1');
INSERT INTO `air_test` VALUES ('2068', '1');
INSERT INTO `air_test` VALUES ('2069', '1');
INSERT INTO `air_test` VALUES ('2070', '1');
INSERT INTO `air_test` VALUES ('2071', '1');
INSERT INTO `air_test` VALUES ('2072', '1');
INSERT INTO `air_test` VALUES ('2073', '1');
INSERT INTO `air_test` VALUES ('2074', '1');
INSERT INTO `air_test` VALUES ('2075', '1');
INSERT INTO `air_test` VALUES ('2076', '1');
INSERT INTO `air_test` VALUES ('2077', '1');
INSERT INTO `air_test` VALUES ('2078', '1');
INSERT INTO `air_test` VALUES ('2079', '1');
INSERT INTO `air_test` VALUES ('2080', '1');
INSERT INTO `air_test` VALUES ('2081', '1');
INSERT INTO `air_test` VALUES ('2082', '1');
INSERT INTO `air_test` VALUES ('2083', '1');
INSERT INTO `air_test` VALUES ('2084', '1');
INSERT INTO `air_test` VALUES ('2085', '1');
INSERT INTO `air_test` VALUES ('2086', '1');
INSERT INTO `air_test` VALUES ('2087', '1');
INSERT INTO `air_test` VALUES ('2088', '1');
INSERT INTO `air_test` VALUES ('2089', '1');
INSERT INTO `air_test` VALUES ('2090', '1');
INSERT INTO `air_test` VALUES ('2091', '1');
INSERT INTO `air_test` VALUES ('2092', '1');
INSERT INTO `air_test` VALUES ('2093', '1');
INSERT INTO `air_test` VALUES ('2094', '1');
INSERT INTO `air_test` VALUES ('2095', '1');
INSERT INTO `air_test` VALUES ('2096', '1');
INSERT INTO `air_test` VALUES ('2097', '1');
INSERT INTO `air_test` VALUES ('2098', '1');
INSERT INTO `air_test` VALUES ('2099', '1');
INSERT INTO `air_test` VALUES ('2100', '1');
INSERT INTO `air_test` VALUES ('2101', '1');
INSERT INTO `air_test` VALUES ('2102', '1');
INSERT INTO `air_test` VALUES ('2103', '1');
INSERT INTO `air_test` VALUES ('2104', '1');
INSERT INTO `air_test` VALUES ('2105', '1');
INSERT INTO `air_test` VALUES ('2106', '1');
INSERT INTO `air_test` VALUES ('2107', '1');
INSERT INTO `air_test` VALUES ('2108', '1');
INSERT INTO `air_test` VALUES ('2109', '1');
INSERT INTO `air_test` VALUES ('2110', '1');
INSERT INTO `air_test` VALUES ('2111', '1');
INSERT INTO `air_test` VALUES ('2112', '1');
INSERT INTO `air_test` VALUES ('2113', '1');
INSERT INTO `air_test` VALUES ('2114', '1');
INSERT INTO `air_test` VALUES ('2115', '1');
INSERT INTO `air_test` VALUES ('2116', '1');
INSERT INTO `air_test` VALUES ('2117', '1');
INSERT INTO `air_test` VALUES ('2118', '1');
INSERT INTO `air_test` VALUES ('2119', '1');
INSERT INTO `air_test` VALUES ('2120', '1');
INSERT INTO `air_test` VALUES ('2121', '1');
INSERT INTO `air_test` VALUES ('2122', '1');
INSERT INTO `air_test` VALUES ('2123', '1');
INSERT INTO `air_test` VALUES ('2124', '1');
INSERT INTO `air_test` VALUES ('2125', '1');
INSERT INTO `air_test` VALUES ('2126', '1');
INSERT INTO `air_test` VALUES ('2127', '1');
INSERT INTO `air_test` VALUES ('2128', '1');
INSERT INTO `air_test` VALUES ('2129', '1');
INSERT INTO `air_test` VALUES ('2130', '1');
INSERT INTO `air_test` VALUES ('2131', '1');
INSERT INTO `air_test` VALUES ('2132', '1');
INSERT INTO `air_test` VALUES ('2133', '1');
INSERT INTO `air_test` VALUES ('2134', '1');
INSERT INTO `air_test` VALUES ('2135', '1');
INSERT INTO `air_test` VALUES ('2136', '1');
INSERT INTO `air_test` VALUES ('2137', '1');
INSERT INTO `air_test` VALUES ('2138', '1');
INSERT INTO `air_test` VALUES ('2139', '1');
INSERT INTO `air_test` VALUES ('2140', '1');
INSERT INTO `air_test` VALUES ('2141', '1');
INSERT INTO `air_test` VALUES ('2142', '1');
INSERT INTO `air_test` VALUES ('2143', '1');
INSERT INTO `air_test` VALUES ('2144', '1');
INSERT INTO `air_test` VALUES ('2145', '1');
INSERT INTO `air_test` VALUES ('2146', '1');
INSERT INTO `air_test` VALUES ('2147', '1');
INSERT INTO `air_test` VALUES ('2148', '1');
INSERT INTO `air_test` VALUES ('2149', '1');
INSERT INTO `air_test` VALUES ('2150', '1');
INSERT INTO `air_test` VALUES ('2151', '1');
INSERT INTO `air_test` VALUES ('2152', '1');
INSERT INTO `air_test` VALUES ('2153', '1');
INSERT INTO `air_test` VALUES ('2154', '1');
INSERT INTO `air_test` VALUES ('2155', '1');
INSERT INTO `air_test` VALUES ('2156', '1');
INSERT INTO `air_test` VALUES ('2157', '1');
INSERT INTO `air_test` VALUES ('2158', '1');
INSERT INTO `air_test` VALUES ('2159', '1');
INSERT INTO `air_test` VALUES ('2160', '1');
INSERT INTO `air_test` VALUES ('2161', '1');
INSERT INTO `air_test` VALUES ('2162', '1');
INSERT INTO `air_test` VALUES ('2163', '1');
INSERT INTO `air_test` VALUES ('2164', '1');
INSERT INTO `air_test` VALUES ('2165', '1');
INSERT INTO `air_test` VALUES ('2166', '1');
INSERT INTO `air_test` VALUES ('2167', '1');
INSERT INTO `air_test` VALUES ('2168', '1');
INSERT INTO `air_test` VALUES ('2169', '1');
INSERT INTO `air_test` VALUES ('2170', '1');
INSERT INTO `air_test` VALUES ('2171', '1');
INSERT INTO `air_test` VALUES ('2172', '1');
INSERT INTO `air_test` VALUES ('2173', '1');
INSERT INTO `air_test` VALUES ('2174', '1');
INSERT INTO `air_test` VALUES ('2175', '1');
INSERT INTO `air_test` VALUES ('2176', '1');
INSERT INTO `air_test` VALUES ('2177', '1');
INSERT INTO `air_test` VALUES ('2178', '1');
INSERT INTO `air_test` VALUES ('2179', '1');
INSERT INTO `air_test` VALUES ('2180', '1');
INSERT INTO `air_test` VALUES ('2181', '1');
INSERT INTO `air_test` VALUES ('2182', '1');
INSERT INTO `air_test` VALUES ('2183', '1');
INSERT INTO `air_test` VALUES ('2184', '1');
INSERT INTO `air_test` VALUES ('2185', '1');
INSERT INTO `air_test` VALUES ('2186', '1');
INSERT INTO `air_test` VALUES ('2187', '1');
INSERT INTO `air_test` VALUES ('2188', '1');
INSERT INTO `air_test` VALUES ('2189', '1');
INSERT INTO `air_test` VALUES ('2190', '1');
INSERT INTO `air_test` VALUES ('2191', '1');
INSERT INTO `air_test` VALUES ('2192', '1');
INSERT INTO `air_test` VALUES ('2193', '1');
INSERT INTO `air_test` VALUES ('2194', '1');
INSERT INTO `air_test` VALUES ('2195', '1');
INSERT INTO `air_test` VALUES ('2196', '1');
INSERT INTO `air_test` VALUES ('2197', '1');
INSERT INTO `air_test` VALUES ('2198', '1');
INSERT INTO `air_test` VALUES ('2199', '1');
INSERT INTO `air_test` VALUES ('2200', '1');
INSERT INTO `air_test` VALUES ('2201', '1');
INSERT INTO `air_test` VALUES ('2202', '1');
INSERT INTO `air_test` VALUES ('2203', '1');
INSERT INTO `air_test` VALUES ('2204', '1');
INSERT INTO `air_test` VALUES ('2205', '1');
INSERT INTO `air_test` VALUES ('2206', '1');
INSERT INTO `air_test` VALUES ('2207', '1');
INSERT INTO `air_test` VALUES ('2208', '1');
INSERT INTO `air_test` VALUES ('2209', '1');
INSERT INTO `air_test` VALUES ('2210', '1');
INSERT INTO `air_test` VALUES ('2211', '1');
INSERT INTO `air_test` VALUES ('2212', '1');
INSERT INTO `air_test` VALUES ('2213', '1');
INSERT INTO `air_test` VALUES ('2214', '1');
INSERT INTO `air_test` VALUES ('2215', '1');
INSERT INTO `air_test` VALUES ('2216', '1');
INSERT INTO `air_test` VALUES ('2217', '1');
INSERT INTO `air_test` VALUES ('2218', '1');
INSERT INTO `air_test` VALUES ('2219', '1');
INSERT INTO `air_test` VALUES ('2220', '1');
INSERT INTO `air_test` VALUES ('2221', '1');
INSERT INTO `air_test` VALUES ('2222', '1');
INSERT INTO `air_test` VALUES ('2223', '1');
INSERT INTO `air_test` VALUES ('2224', '1');
INSERT INTO `air_test` VALUES ('2225', '1');
INSERT INTO `air_test` VALUES ('2226', '1');
INSERT INTO `air_test` VALUES ('2227', '1');
INSERT INTO `air_test` VALUES ('2228', '1');
INSERT INTO `air_test` VALUES ('2229', '1');
INSERT INTO `air_test` VALUES ('2230', '1');
INSERT INTO `air_test` VALUES ('2231', '1');
INSERT INTO `air_test` VALUES ('2232', '1');
INSERT INTO `air_test` VALUES ('2233', '1');
INSERT INTO `air_test` VALUES ('2234', '1');
INSERT INTO `air_test` VALUES ('2235', '1');
INSERT INTO `air_test` VALUES ('2236', '1');
INSERT INTO `air_test` VALUES ('2237', '1');
INSERT INTO `air_test` VALUES ('2238', '1');
INSERT INTO `air_test` VALUES ('2239', '1');
INSERT INTO `air_test` VALUES ('2240', '1');
INSERT INTO `air_test` VALUES ('2241', '1');
INSERT INTO `air_test` VALUES ('2242', '1');
INSERT INTO `air_test` VALUES ('2243', '1');
INSERT INTO `air_test` VALUES ('2244', '1');
INSERT INTO `air_test` VALUES ('2245', '1');
INSERT INTO `air_test` VALUES ('2246', '1');
INSERT INTO `air_test` VALUES ('2247', '1');
INSERT INTO `air_test` VALUES ('2248', '1');
INSERT INTO `air_test` VALUES ('2249', '1');
INSERT INTO `air_test` VALUES ('2250', '1');
INSERT INTO `air_test` VALUES ('2251', '1');
INSERT INTO `air_test` VALUES ('2252', '1');
INSERT INTO `air_test` VALUES ('2253', '1');
INSERT INTO `air_test` VALUES ('2254', '1');
INSERT INTO `air_test` VALUES ('2255', '1');
INSERT INTO `air_test` VALUES ('2256', '1');
INSERT INTO `air_test` VALUES ('2257', '1');
INSERT INTO `air_test` VALUES ('2258', '1');
INSERT INTO `air_test` VALUES ('2259', '1');
INSERT INTO `air_test` VALUES ('2260', '1');
INSERT INTO `air_test` VALUES ('2261', '1');
INSERT INTO `air_test` VALUES ('2262', '1');
INSERT INTO `air_test` VALUES ('2263', '1');
INSERT INTO `air_test` VALUES ('2264', '1');
INSERT INTO `air_test` VALUES ('2265', '1');
INSERT INTO `air_test` VALUES ('2266', '1');
INSERT INTO `air_test` VALUES ('2267', '1');
INSERT INTO `air_test` VALUES ('2268', '1');
INSERT INTO `air_test` VALUES ('2269', '1');
INSERT INTO `air_test` VALUES ('2270', '1');
INSERT INTO `air_test` VALUES ('2271', '1');
INSERT INTO `air_test` VALUES ('2272', '1');
INSERT INTO `air_test` VALUES ('2273', '1');
INSERT INTO `air_test` VALUES ('2274', '1');
INSERT INTO `air_test` VALUES ('2275', '1');
INSERT INTO `air_test` VALUES ('2276', '1');
INSERT INTO `air_test` VALUES ('2277', '1');
INSERT INTO `air_test` VALUES ('2278', '1');
INSERT INTO `air_test` VALUES ('2279', '1');
INSERT INTO `air_test` VALUES ('2280', '1');
INSERT INTO `air_test` VALUES ('2281', '1');
INSERT INTO `air_test` VALUES ('2282', '1');
INSERT INTO `air_test` VALUES ('2283', '1');
INSERT INTO `air_test` VALUES ('2284', '1');
INSERT INTO `air_test` VALUES ('2285', '1');
INSERT INTO `air_test` VALUES ('2286', '1');
INSERT INTO `air_test` VALUES ('2287', '1');
INSERT INTO `air_test` VALUES ('2288', '1');
INSERT INTO `air_test` VALUES ('2289', '1');
INSERT INTO `air_test` VALUES ('2290', '1');
INSERT INTO `air_test` VALUES ('2291', '1');
INSERT INTO `air_test` VALUES ('2292', '1');
INSERT INTO `air_test` VALUES ('2293', '1');
INSERT INTO `air_test` VALUES ('2294', '1');
INSERT INTO `air_test` VALUES ('2295', '1');
INSERT INTO `air_test` VALUES ('2296', '1');
INSERT INTO `air_test` VALUES ('2297', '1');
INSERT INTO `air_test` VALUES ('2298', '1');
INSERT INTO `air_test` VALUES ('2299', '1');
INSERT INTO `air_test` VALUES ('2300', '1');
INSERT INTO `air_test` VALUES ('2301', '1');
INSERT INTO `air_test` VALUES ('2302', '1');
INSERT INTO `air_test` VALUES ('2303', '1');
INSERT INTO `air_test` VALUES ('2304', '1');
INSERT INTO `air_test` VALUES ('2305', '1');
INSERT INTO `air_test` VALUES ('2306', '1');
INSERT INTO `air_test` VALUES ('2307', '1');
INSERT INTO `air_test` VALUES ('2308', '1');
INSERT INTO `air_test` VALUES ('2309', '1');
INSERT INTO `air_test` VALUES ('2310', '1');
INSERT INTO `air_test` VALUES ('2311', '1');
INSERT INTO `air_test` VALUES ('2312', '1');
INSERT INTO `air_test` VALUES ('2313', '1');
INSERT INTO `air_test` VALUES ('2314', '1');
INSERT INTO `air_test` VALUES ('2315', '1');
INSERT INTO `air_test` VALUES ('2316', '1');
INSERT INTO `air_test` VALUES ('2317', '1');
INSERT INTO `air_test` VALUES ('2318', '1');
INSERT INTO `air_test` VALUES ('2319', '1');
INSERT INTO `air_test` VALUES ('2320', '1');
INSERT INTO `air_test` VALUES ('2321', '1');
INSERT INTO `air_test` VALUES ('2322', '1');
INSERT INTO `air_test` VALUES ('2323', '1');
INSERT INTO `air_test` VALUES ('2324', '1');
INSERT INTO `air_test` VALUES ('2325', '1');
INSERT INTO `air_test` VALUES ('2326', '1');
INSERT INTO `air_test` VALUES ('2327', '1');
INSERT INTO `air_test` VALUES ('2328', '1');
INSERT INTO `air_test` VALUES ('2329', '1');
INSERT INTO `air_test` VALUES ('2330', '1');
INSERT INTO `air_test` VALUES ('2331', '1');
INSERT INTO `air_test` VALUES ('2332', '1');
INSERT INTO `air_test` VALUES ('2333', '1');
INSERT INTO `air_test` VALUES ('2334', '1');
INSERT INTO `air_test` VALUES ('2335', '1');
INSERT INTO `air_test` VALUES ('2336', '1');
INSERT INTO `air_test` VALUES ('2337', '1');
INSERT INTO `air_test` VALUES ('2338', '1');
INSERT INTO `air_test` VALUES ('2339', '1');
INSERT INTO `air_test` VALUES ('2340', '1');
INSERT INTO `air_test` VALUES ('2341', '1');
INSERT INTO `air_test` VALUES ('2342', '1');
INSERT INTO `air_test` VALUES ('2343', '1');
INSERT INTO `air_test` VALUES ('2344', '1');
INSERT INTO `air_test` VALUES ('2345', '1');
INSERT INTO `air_test` VALUES ('2346', '1');
INSERT INTO `air_test` VALUES ('2347', '1');
INSERT INTO `air_test` VALUES ('2348', '1');
INSERT INTO `air_test` VALUES ('2349', '1');
INSERT INTO `air_test` VALUES ('2350', '1');
INSERT INTO `air_test` VALUES ('2351', '1');
INSERT INTO `air_test` VALUES ('2352', '1');
INSERT INTO `air_test` VALUES ('2353', '1');
INSERT INTO `air_test` VALUES ('2354', '1');
INSERT INTO `air_test` VALUES ('2355', '1');
INSERT INTO `air_test` VALUES ('2356', '1');
INSERT INTO `air_test` VALUES ('2357', '1');
INSERT INTO `air_test` VALUES ('2358', '1');
INSERT INTO `air_test` VALUES ('2359', '1');
INSERT INTO `air_test` VALUES ('2360', '1');
INSERT INTO `air_test` VALUES ('2361', '1');
INSERT INTO `air_test` VALUES ('2362', '1');
INSERT INTO `air_test` VALUES ('2363', '1');
INSERT INTO `air_test` VALUES ('2364', '1');
INSERT INTO `air_test` VALUES ('2365', '1');
INSERT INTO `air_test` VALUES ('2366', '1');
INSERT INTO `air_test` VALUES ('2367', '1');
INSERT INTO `air_test` VALUES ('2368', '1');
INSERT INTO `air_test` VALUES ('2369', '1');
INSERT INTO `air_test` VALUES ('2370', '1');
INSERT INTO `air_test` VALUES ('2371', '1');
INSERT INTO `air_test` VALUES ('2372', '1');
INSERT INTO `air_test` VALUES ('2373', '1');
INSERT INTO `air_test` VALUES ('2374', '1');
INSERT INTO `air_test` VALUES ('2375', '1');
INSERT INTO `air_test` VALUES ('2376', '1');
INSERT INTO `air_test` VALUES ('2377', '1');
INSERT INTO `air_test` VALUES ('2378', '1');
INSERT INTO `air_test` VALUES ('2379', '1');
INSERT INTO `air_test` VALUES ('2380', '1');
INSERT INTO `air_test` VALUES ('2381', '1');
INSERT INTO `air_test` VALUES ('2382', '1');
INSERT INTO `air_test` VALUES ('2383', '1');
INSERT INTO `air_test` VALUES ('2384', '1');
INSERT INTO `air_test` VALUES ('2385', '1');
INSERT INTO `air_test` VALUES ('2386', '1');
INSERT INTO `air_test` VALUES ('2387', '1');
INSERT INTO `air_test` VALUES ('2388', '1');
INSERT INTO `air_test` VALUES ('2389', '1');
INSERT INTO `air_test` VALUES ('2390', '1');
INSERT INTO `air_test` VALUES ('2391', '1');
INSERT INTO `air_test` VALUES ('2392', '1');
INSERT INTO `air_test` VALUES ('2393', '1');
INSERT INTO `air_test` VALUES ('2394', '1');
INSERT INTO `air_test` VALUES ('2395', '1');
INSERT INTO `air_test` VALUES ('2396', '1');
INSERT INTO `air_test` VALUES ('2397', '1');
INSERT INTO `air_test` VALUES ('2398', '1');
INSERT INTO `air_test` VALUES ('2399', '1');
INSERT INTO `air_test` VALUES ('2400', '1');
INSERT INTO `air_test` VALUES ('2401', '1');
INSERT INTO `air_test` VALUES ('2402', '1');
INSERT INTO `air_test` VALUES ('2403', '1');
INSERT INTO `air_test` VALUES ('2404', '1');
INSERT INTO `air_test` VALUES ('2405', '1');
INSERT INTO `air_test` VALUES ('2406', '1');
INSERT INTO `air_test` VALUES ('2407', '1');
INSERT INTO `air_test` VALUES ('2408', '1');
INSERT INTO `air_test` VALUES ('2409', '1');
INSERT INTO `air_test` VALUES ('2410', '1');
INSERT INTO `air_test` VALUES ('2411', '1');
INSERT INTO `air_test` VALUES ('2412', '1');
INSERT INTO `air_test` VALUES ('2413', '1');
INSERT INTO `air_test` VALUES ('2414', '1');
INSERT INTO `air_test` VALUES ('2415', '1');
INSERT INTO `air_test` VALUES ('2416', '1');
INSERT INTO `air_test` VALUES ('2417', '1');
INSERT INTO `air_test` VALUES ('2418', '1');
INSERT INTO `air_test` VALUES ('2419', '1');
INSERT INTO `air_test` VALUES ('2420', '1');
INSERT INTO `air_test` VALUES ('2421', '1');
INSERT INTO `air_test` VALUES ('2422', '1');
INSERT INTO `air_test` VALUES ('2423', '1');
INSERT INTO `air_test` VALUES ('2424', '1');
INSERT INTO `air_test` VALUES ('2425', '1');
INSERT INTO `air_test` VALUES ('2426', '1');
INSERT INTO `air_test` VALUES ('2427', '1');
INSERT INTO `air_test` VALUES ('2428', '1');
INSERT INTO `air_test` VALUES ('2429', '1');
INSERT INTO `air_test` VALUES ('2430', '1');
INSERT INTO `air_test` VALUES ('2431', '1');
INSERT INTO `air_test` VALUES ('2432', '1');
INSERT INTO `air_test` VALUES ('2433', '1');
INSERT INTO `air_test` VALUES ('2434', '1');
INSERT INTO `air_test` VALUES ('2435', '1');
INSERT INTO `air_test` VALUES ('2436', '1');
INSERT INTO `air_test` VALUES ('2437', '1');
INSERT INTO `air_test` VALUES ('2438', '1');
INSERT INTO `air_test` VALUES ('2439', '1');
INSERT INTO `air_test` VALUES ('2440', '1');
INSERT INTO `air_test` VALUES ('2441', '1');
INSERT INTO `air_test` VALUES ('2442', '1');
INSERT INTO `air_test` VALUES ('2443', '1');
INSERT INTO `air_test` VALUES ('2444', '1');
INSERT INTO `air_test` VALUES ('2445', '1');
INSERT INTO `air_test` VALUES ('2446', '1');
INSERT INTO `air_test` VALUES ('2447', '1');
INSERT INTO `air_test` VALUES ('2448', '1');
INSERT INTO `air_test` VALUES ('2449', '1');
INSERT INTO `air_test` VALUES ('2450', '1');
INSERT INTO `air_test` VALUES ('2451', '1');
INSERT INTO `air_test` VALUES ('2452', '1');
INSERT INTO `air_test` VALUES ('2453', '1');
INSERT INTO `air_test` VALUES ('2454', '1');
INSERT INTO `air_test` VALUES ('2455', '1');
INSERT INTO `air_test` VALUES ('2456', '1');
INSERT INTO `air_test` VALUES ('2457', '1');
INSERT INTO `air_test` VALUES ('2458', '1');
INSERT INTO `air_test` VALUES ('2459', '1');
INSERT INTO `air_test` VALUES ('2460', '1');
INSERT INTO `air_test` VALUES ('2461', '1');
INSERT INTO `air_test` VALUES ('2462', '1');
INSERT INTO `air_test` VALUES ('2463', '1');
INSERT INTO `air_test` VALUES ('2464', '1');
INSERT INTO `air_test` VALUES ('2465', '1');
INSERT INTO `air_test` VALUES ('2466', '1');
INSERT INTO `air_test` VALUES ('2467', '1');
INSERT INTO `air_test` VALUES ('2468', '1');
INSERT INTO `air_test` VALUES ('2469', '1');
INSERT INTO `air_test` VALUES ('2470', '1');
INSERT INTO `air_test` VALUES ('2471', '1');
INSERT INTO `air_test` VALUES ('2472', '1');
INSERT INTO `air_test` VALUES ('2473', '1');
INSERT INTO `air_test` VALUES ('2474', '1');
INSERT INTO `air_test` VALUES ('2475', '1');
INSERT INTO `air_test` VALUES ('2476', '1');
INSERT INTO `air_test` VALUES ('2477', '1');
INSERT INTO `air_test` VALUES ('2478', '1');
INSERT INTO `air_test` VALUES ('2479', '1');
INSERT INTO `air_test` VALUES ('2480', '1');
INSERT INTO `air_test` VALUES ('2481', '1');
INSERT INTO `air_test` VALUES ('2482', '1');
INSERT INTO `air_test` VALUES ('2483', '1');
INSERT INTO `air_test` VALUES ('2484', '1');
INSERT INTO `air_test` VALUES ('2485', '1');
INSERT INTO `air_test` VALUES ('2486', '1');
INSERT INTO `air_test` VALUES ('2487', '1');
INSERT INTO `air_test` VALUES ('2488', '1');
INSERT INTO `air_test` VALUES ('2489', '1');
INSERT INTO `air_test` VALUES ('2490', '1');
INSERT INTO `air_test` VALUES ('2491', '1');
INSERT INTO `air_test` VALUES ('2492', '1');
INSERT INTO `air_test` VALUES ('2493', '1');
INSERT INTO `air_test` VALUES ('2494', '1');
INSERT INTO `air_test` VALUES ('2495', '1');
INSERT INTO `air_test` VALUES ('2496', '1');
INSERT INTO `air_test` VALUES ('2497', '1');
INSERT INTO `air_test` VALUES ('2498', '1');
INSERT INTO `air_test` VALUES ('2499', '1');
INSERT INTO `air_test` VALUES ('2500', '1');
INSERT INTO `air_test` VALUES ('2501', '1');
INSERT INTO `air_test` VALUES ('2502', '1');
INSERT INTO `air_test` VALUES ('2503', '1');
INSERT INTO `air_test` VALUES ('2504', '1');
INSERT INTO `air_test` VALUES ('2505', '1');
INSERT INTO `air_test` VALUES ('2506', '1');
INSERT INTO `air_test` VALUES ('2507', '1');
INSERT INTO `air_test` VALUES ('2508', '1');
INSERT INTO `air_test` VALUES ('2509', '1');
INSERT INTO `air_test` VALUES ('2510', '1');
INSERT INTO `air_test` VALUES ('2511', '1');
INSERT INTO `air_test` VALUES ('2512', '1');
INSERT INTO `air_test` VALUES ('2513', '1');
INSERT INTO `air_test` VALUES ('2514', '1');
INSERT INTO `air_test` VALUES ('2515', '1');
INSERT INTO `air_test` VALUES ('2516', '1');
INSERT INTO `air_test` VALUES ('2517', '1');
INSERT INTO `air_test` VALUES ('2518', '1');
INSERT INTO `air_test` VALUES ('2519', '1');
INSERT INTO `air_test` VALUES ('2520', '1');
INSERT INTO `air_test` VALUES ('2521', '1');
INSERT INTO `air_test` VALUES ('2522', '1');
INSERT INTO `air_test` VALUES ('2523', '1');
INSERT INTO `air_test` VALUES ('2524', '1');
INSERT INTO `air_test` VALUES ('2525', '1');
INSERT INTO `air_test` VALUES ('2526', '1');
INSERT INTO `air_test` VALUES ('2527', '1');
INSERT INTO `air_test` VALUES ('2528', '1');
INSERT INTO `air_test` VALUES ('2529', '1');
INSERT INTO `air_test` VALUES ('2530', '1');
INSERT INTO `air_test` VALUES ('2531', '1');
INSERT INTO `air_test` VALUES ('2532', '1');
INSERT INTO `air_test` VALUES ('2533', '1');
INSERT INTO `air_test` VALUES ('2534', '1');
INSERT INTO `air_test` VALUES ('2535', '1');
INSERT INTO `air_test` VALUES ('2536', '1');
INSERT INTO `air_test` VALUES ('2537', '1');
INSERT INTO `air_test` VALUES ('2538', '1');
INSERT INTO `air_test` VALUES ('2539', '1');
INSERT INTO `air_test` VALUES ('2540', '1');
INSERT INTO `air_test` VALUES ('2541', '1');
INSERT INTO `air_test` VALUES ('2542', '1');
INSERT INTO `air_test` VALUES ('2543', '1');
INSERT INTO `air_test` VALUES ('2544', '1');
INSERT INTO `air_test` VALUES ('2545', '1');
INSERT INTO `air_test` VALUES ('2546', '1');
INSERT INTO `air_test` VALUES ('2547', '1');
INSERT INTO `air_test` VALUES ('2548', '1');
INSERT INTO `air_test` VALUES ('2549', '1');
INSERT INTO `air_test` VALUES ('2550', '1');
INSERT INTO `air_test` VALUES ('2551', '1');
INSERT INTO `air_test` VALUES ('2552', '1');
INSERT INTO `air_test` VALUES ('2553', '1');
INSERT INTO `air_test` VALUES ('2554', '1');
INSERT INTO `air_test` VALUES ('2555', '1');
INSERT INTO `air_test` VALUES ('2556', '1');
INSERT INTO `air_test` VALUES ('2557', '1');
INSERT INTO `air_test` VALUES ('2558', '1');
INSERT INTO `air_test` VALUES ('2559', '1');
INSERT INTO `air_test` VALUES ('2560', '1');
INSERT INTO `air_test` VALUES ('2561', '1');
INSERT INTO `air_test` VALUES ('2562', '1');
INSERT INTO `air_test` VALUES ('2563', '1');
INSERT INTO `air_test` VALUES ('2564', '1');
INSERT INTO `air_test` VALUES ('2565', '1');
INSERT INTO `air_test` VALUES ('2566', '1');
INSERT INTO `air_test` VALUES ('2567', '1');
INSERT INTO `air_test` VALUES ('2568', '1');
INSERT INTO `air_test` VALUES ('2569', '1');
INSERT INTO `air_test` VALUES ('2570', '1');
INSERT INTO `air_test` VALUES ('2571', '1');
INSERT INTO `air_test` VALUES ('2572', '1');
INSERT INTO `air_test` VALUES ('2573', '1');
INSERT INTO `air_test` VALUES ('2574', '1');
INSERT INTO `air_test` VALUES ('2575', '1');
INSERT INTO `air_test` VALUES ('2576', '1');
INSERT INTO `air_test` VALUES ('2577', '1');
INSERT INTO `air_test` VALUES ('2578', '1');
INSERT INTO `air_test` VALUES ('2579', '1');
INSERT INTO `air_test` VALUES ('2580', '1');
INSERT INTO `air_test` VALUES ('2581', '1');
INSERT INTO `air_test` VALUES ('2582', '1');
INSERT INTO `air_test` VALUES ('2583', '1');
INSERT INTO `air_test` VALUES ('2584', '1');
INSERT INTO `air_test` VALUES ('2585', '1');
INSERT INTO `air_test` VALUES ('2586', '1');
INSERT INTO `air_test` VALUES ('2587', '1');
INSERT INTO `air_test` VALUES ('2588', '1');
INSERT INTO `air_test` VALUES ('2589', '1');
INSERT INTO `air_test` VALUES ('2590', '1');
INSERT INTO `air_test` VALUES ('2591', '1');
INSERT INTO `air_test` VALUES ('2592', '1');
INSERT INTO `air_test` VALUES ('2593', '1');
INSERT INTO `air_test` VALUES ('2594', '1');
INSERT INTO `air_test` VALUES ('2595', '1');
INSERT INTO `air_test` VALUES ('2596', '1');
INSERT INTO `air_test` VALUES ('2597', '1');
INSERT INTO `air_test` VALUES ('2598', '1');
INSERT INTO `air_test` VALUES ('2599', '1');
INSERT INTO `air_test` VALUES ('2600', '1');
INSERT INTO `air_test` VALUES ('2601', '1');
INSERT INTO `air_test` VALUES ('2602', '1');
INSERT INTO `air_test` VALUES ('2603', '1');
INSERT INTO `air_test` VALUES ('2604', '1');
INSERT INTO `air_test` VALUES ('2605', '1');
INSERT INTO `air_test` VALUES ('2606', '1');
INSERT INTO `air_test` VALUES ('2607', '1');
INSERT INTO `air_test` VALUES ('2608', '1');
INSERT INTO `air_test` VALUES ('2609', '1');
INSERT INTO `air_test` VALUES ('2610', '1');
INSERT INTO `air_test` VALUES ('2611', '1');
INSERT INTO `air_test` VALUES ('2612', '1');
INSERT INTO `air_test` VALUES ('2613', '1');
INSERT INTO `air_test` VALUES ('2614', '1');
INSERT INTO `air_test` VALUES ('2615', '1');
INSERT INTO `air_test` VALUES ('2616', '1');
INSERT INTO `air_test` VALUES ('2617', '1');
INSERT INTO `air_test` VALUES ('2618', '1');
INSERT INTO `air_test` VALUES ('2619', '1');
INSERT INTO `air_test` VALUES ('2620', '1');
INSERT INTO `air_test` VALUES ('2621', '1');
INSERT INTO `air_test` VALUES ('2622', '1');
INSERT INTO `air_test` VALUES ('2623', '1');
INSERT INTO `air_test` VALUES ('2624', '1');
INSERT INTO `air_test` VALUES ('2625', '1');
INSERT INTO `air_test` VALUES ('2626', '1');
INSERT INTO `air_test` VALUES ('2627', '1');
INSERT INTO `air_test` VALUES ('2628', '1');
INSERT INTO `air_test` VALUES ('2629', '1');
INSERT INTO `air_test` VALUES ('2630', '1');
INSERT INTO `air_test` VALUES ('2631', '1');
INSERT INTO `air_test` VALUES ('2632', '1');
INSERT INTO `air_test` VALUES ('2633', '1');
INSERT INTO `air_test` VALUES ('2634', '1');
INSERT INTO `air_test` VALUES ('2635', '1');
INSERT INTO `air_test` VALUES ('2636', '1');
INSERT INTO `air_test` VALUES ('2637', '1');
INSERT INTO `air_test` VALUES ('2638', '1');
INSERT INTO `air_test` VALUES ('2639', '1');
INSERT INTO `air_test` VALUES ('2640', '1');
INSERT INTO `air_test` VALUES ('2641', '1');
INSERT INTO `air_test` VALUES ('2642', '1');
INSERT INTO `air_test` VALUES ('2643', '1');
INSERT INTO `air_test` VALUES ('2644', '1');
INSERT INTO `air_test` VALUES ('2645', '1');
INSERT INTO `air_test` VALUES ('2646', '1');
INSERT INTO `air_test` VALUES ('2647', '1');
INSERT INTO `air_test` VALUES ('2648', '1');
INSERT INTO `air_test` VALUES ('2649', '1');
INSERT INTO `air_test` VALUES ('2650', '1');
INSERT INTO `air_test` VALUES ('2651', '1');
INSERT INTO `air_test` VALUES ('2652', '1');
INSERT INTO `air_test` VALUES ('2653', '1');
INSERT INTO `air_test` VALUES ('2654', '1');
INSERT INTO `air_test` VALUES ('2655', '1');
INSERT INTO `air_test` VALUES ('2656', '1');
INSERT INTO `air_test` VALUES ('2657', '1');
INSERT INTO `air_test` VALUES ('2658', '1');
